candidate_id,job_id,stage,stage_date
1,120,Applied,2024-01-29
1,120,Screening,2024-01-31
1,120,Interview,2024-02-07
2,107,Applied,2024-02-27
2,107,Screening,2024-03-01
2,107,Interview,2024-03-08
2,107,Offer,2024-03-10
2,107,Hired,2024-03-17
3,117,Applied,2024-01-23
3,117,Screening,2024-01-29
3,117,Interview,2024-02-03
3,117,Offer,2024-02-05
4,102,Applied,2024-02-25
4,102,Screening,2024-02-28
4,102,Interview,2024-03-05
5,100,Applied,2024-05-23
5,100,Screening,2024-05-26
6,120,Applied,2024-06-28
6,120,Screening,2024-07-04
7,107,Applied,2024-04-24
8,108,Applied,2024-01-02
8,108,Screening,2024-01-05
8,108,Interview,2024-01-12
8,108,Offer,2024-01-17
8,108,Hired,2024-01-21
9,104,Applied,2024-02-25
9,104,Screening,2024-02-29
9,104,Interview,2024-03-02
9,104,Offer,2024-03-04
10,103,Applied,2024-04-01
10,103,Screening,2024-04-05
10,103,Interview,2024-04-11
10,103,Offer,2024-04-15
11,114,Applied,2024-05-17
12,112,Applied,2024-01-21
12,112,Screening,2024-01-27
12,112,Interview,2024-01-31
12,112,Offer,2024-02-07
12,112,Hired,2024-02-13
13,118,Applied,2024-02-19
13,118,Screening,2024-02-26
13,118,Interview,2024-02-28
13,118,Offer,2024-03-01
13,118,Hired,2024-03-08
14,109,Applied,2024-01-21
14,109,Screening,2024-01-24
15,112,Applied,2024-03-12
15,112,Screening,2024-03-17
16,111,Applied,2024-02-11
16,111,Screening,2024-02-15
17,106,Applied,2024-06-20
17,106,Screening,2024-06-24
17,106,Interview,2024-07-01
18,120,Applied,2024-01-19
18,120,Screening,2024-01-25
18,120,Interview,2024-02-01
19,117,Applied,2024-03-03
19,117,Screening,2024-03-06
19,117,Interview,2024-03-11
20,108,Applied,2024-06-12
20,108,Screening,2024-06-19
21,107,Applied,2024-06-24
21,107,Screening,2024-06-28
21,107,Interview,2024-06-30
21,107,Offer,2024-07-03
22,110,Applied,2024-04-12
22,110,Screening,2024-04-16
23,106,Applied,2024-05-25
23,106,Screening,2024-06-01
24,106,Applied,2024-06-16
24,106,Screening,2024-06-21
24,106,Interview,2024-06-26
25,114,Applied,2024-02-06
25,114,Screening,2024-02-10
25,114,Interview,2024-02-13
26,117,Applied,2024-05-17
26,117,Screening,2024-05-21
26,117,Interview,2024-05-28
26,117,Offer,2024-06-03
27,118,Applied,2024-04-12
27,118,Screening,2024-04-16
28,104,Applied,2024-05-10
28,104,Screening,2024-05-15
28,104,Interview,2024-05-17
29,103,Applied,2024-02-09
29,103,Screening,2024-02-16
29,103,Interview,2024-02-19
30,113,Applied,2024-06-01
31,112,Applied,2024-04-07
31,112,Screening,2024-04-13
31,112,Interview,2024-04-18
31,112,Offer,2024-04-24
32,117,Applied,2024-01-03
32,117,Screening,2024-01-10
33,103,Applied,2024-06-23
34,108,Applied,2024-06-13
34,108,Screening,2024-06-17
34,108,Interview,2024-06-19
34,108,Offer,2024-06-23
34,108,Hired,2024-06-28
35,114,Applied,2024-01-01
35,114,Screening,2024-01-08
35,114,Interview,2024-01-15
35,114,Offer,2024-01-19
35,114,Hired,2024-01-25
36,116,Applied,2024-01-28
36,116,Screening,2024-02-04
36,116,Interview,2024-02-08
36,116,Offer,2024-02-15
36,116,Hired,2024-02-21
37,106,Applied,2024-02-09
37,106,Screening,2024-02-13
37,106,Interview,2024-02-16
38,116,Applied,2024-01-01
39,110,Applied,2024-05-05
39,110,Screening,2024-05-07
39,110,Interview,2024-05-09
39,110,Offer,2024-05-13
40,107,Applied,2024-01-15
40,107,Screening,2024-01-18
40,107,Interview,2024-01-24
41,102,Applied,2024-05-04
41,102,Screening,2024-05-06
42,104,Applied,2024-02-02
42,104,Screening,2024-02-09
42,104,Interview,2024-02-14
43,105,Applied,2024-03-08
44,119,Applied,2024-04-18
44,119,Screening,2024-04-21
44,119,Interview,2024-04-27
44,119,Offer,2024-05-04
44,119,Hired,2024-05-11
45,109,Applied,2024-04-12
45,109,Screening,2024-04-19
46,111,Applied,2024-04-22
46,111,Screening,2024-04-28
46,111,Interview,2024-05-03
46,111,Offer,2024-05-05
47,107,Applied,2024-01-17
47,107,Screening,2024-01-21
47,107,Interview,2024-01-23
48,117,Applied,2024-02-28
48,117,Screening,2024-03-05
48,117,Interview,2024-03-08
49,102,Applied,2024-06-10
49,102,Screening,2024-06-12
49,102,Interview,2024-06-15
50,101,Applied,2024-03-25
50,101,Screening,2024-03-27
51,107,Applied,2024-03-12
51,107,Screening,2024-03-19
51,107,Interview,2024-03-24
51,107,Offer,2024-03-27
51,107,Hired,2024-04-02
52,118,Applied,2024-05-27
52,118,Screening,2024-06-01
52,118,Interview,2024-06-04
52,118,Offer,2024-06-09
53,106,Applied,2024-01-25
53,106,Screening,2024-01-27
53,106,Interview,2024-02-03
53,106,Offer,2024-02-08
53,106,Hired,2024-02-12
54,113,Applied,2024-04-29
54,113,Screening,2024-05-06
54,113,Interview,2024-05-08
54,113,Offer,2024-05-15
54,113,Hired,2024-05-22
55,103,Applied,2024-01-16
55,103,Screening,2024-01-21
55,103,Interview,2024-01-28
56,103,Applied,2024-03-04
56,103,Screening,2024-03-07
56,103,Interview,2024-03-10
56,103,Offer,2024-03-16
56,103,Hired,2024-03-21
57,113,Applied,2024-02-16
58,114,Applied,2024-03-04
58,114,Screening,2024-03-06
59,117,Applied,2024-01-26
60,120,Applied,2024-05-18
60,120,Screening,2024-05-20
60,120,Interview,2024-05-22
61,105,Applied,2024-04-14
61,105,Screening,2024-04-19
61,105,Interview,2024-04-24
62,112,Applied,2024-01-16
62,112,Screening,2024-01-19
63,100,Applied,2024-04-09
63,100,Screening,2024-04-13
63,100,Interview,2024-04-18
63,100,Offer,2024-04-22
63,100,Hired,2024-04-27
64,117,Applied,2024-06-18
64,117,Screening,2024-06-25
64,117,Interview,2024-06-30
65,106,Applied,2024-03-16
65,106,Screening,2024-03-19
66,118,Applied,2024-05-18
66,118,Screening,2024-05-20
66,118,Interview,2024-05-27
67,101,Applied,2024-01-13
67,101,Screening,2024-01-19
68,116,Applied,2024-05-15
68,116,Screening,2024-05-18
68,116,Interview,2024-05-20
68,116,Offer,2024-05-26
68,116,Hired,2024-05-28
69,102,Applied,2024-06-01
70,107,Applied,2024-04-13
70,107,Screening,2024-04-15
70,107,Interview,2024-04-21
70,107,Offer,2024-04-24
70,107,Hired,2024-04-30
71,101,Applied,2024-06-07
71,101,Screening,2024-06-09
71,101,Interview,2024-06-14
71,101,Offer,2024-06-21
72,118,Applied,2024-05-13
72,118,Screening,2024-05-17
73,106,Applied,2024-06-20
74,110,Applied,2024-03-02
74,110,Screening,2024-03-06
74,110,Interview,2024-03-11
74,110,Offer,2024-03-14
74,110,Hired,2024-03-21
75,109,Applied,2024-04-27
75,109,Screening,2024-05-01
75,109,Interview,2024-05-03
75,109,Offer,2024-05-05
76,119,Applied,2024-05-24
76,119,Screening,2024-05-26
76,119,Interview,2024-05-28
76,119,Offer,2024-06-03
77,116,Applied,2024-03-08
77,116,Screening,2024-03-11
77,116,Interview,2024-03-15
77,116,Offer,2024-03-17
78,111,Applied,2024-03-13
79,114,Applied,2024-05-19
79,114,Screening,2024-05-26
79,114,Interview,2024-05-30
80,120,Applied,2024-05-15
80,120,Screening,2024-05-17
81,117,Applied,2024-03-17
81,117,Screening,2024-03-24
81,117,Interview,2024-03-26
81,117,Offer,2024-03-29
81,117,Hired,2024-04-02
82,103,Applied,2024-05-21
82,103,Screening,2024-05-24
82,103,Interview,2024-05-28
82,103,Offer,2024-06-01
83,106,Applied,2024-03-28
83,106,Screening,2024-03-31
83,106,Interview,2024-04-07
84,108,Applied,2024-05-09
85,108,Applied,2024-01-14
85,108,Screening,2024-01-16
85,108,Interview,2024-01-23
86,108,Applied,2024-01-12
86,108,Screening,2024-01-14
86,108,Interview,2024-01-18
87,120,Applied,2024-03-08
87,120,Screening,2024-03-11
87,120,Interview,2024-03-18
87,120,Offer,2024-03-23
88,113,Applied,2024-05-23
88,113,Screening,2024-05-25
88,113,Interview,2024-05-27
88,113,Offer,2024-05-29
89,104,Applied,2024-05-19
89,104,Screening,2024-05-21
89,104,Interview,2024-05-25
89,104,Offer,2024-05-31
89,104,Hired,2024-06-06
90,113,Applied,2024-02-02
90,113,Screening,2024-02-04
90,113,Interview,2024-02-08
91,101,Applied,2024-04-01
91,101,Screening,2024-04-04
92,107,Applied,2024-06-19
92,107,Screening,2024-06-21
92,107,Interview,2024-06-25
92,107,Offer,2024-07-01
93,119,Applied,2024-02-09
93,119,Screening,2024-02-12
93,119,Interview,2024-02-15
93,119,Offer,2024-02-18
94,100,Applied,2024-02-15
94,100,Screening,2024-02-22
94,100,Interview,2024-02-26
95,107,Applied,2024-03-09
95,107,Screening,2024-03-12
95,107,Interview,2024-03-19
95,107,Offer,2024-03-21
96,101,Applied,2024-04-30
96,101,Screening,2024-05-03
96,101,Interview,2024-05-06
97,111,Applied,2024-03-19
97,111,Screening,2024-03-22
97,111,Interview,2024-03-25
98,106,Applied,2024-04-12
98,106,Screening,2024-04-16
98,106,Interview,2024-04-20
99,108,Applied,2024-03-30
100,116,Applied,2024-04-12
100,116,Screening,2024-04-19
101,110,Applied,2024-01-08
102,108,Applied,2024-02-15
102,108,Screening,2024-02-21
102,108,Interview,2024-02-25
102,108,Offer,2024-02-27
103,119,Applied,2024-04-21
103,119,Screening,2024-04-25
103,119,Interview,2024-05-02
104,113,Applied,2024-06-04
104,113,Screening,2024-06-10
104,113,Interview,2024-06-12
105,118,Applied,2024-02-18
105,118,Screening,2024-02-22
105,118,Interview,2024-02-24
105,118,Offer,2024-03-02
105,118,Hired,2024-03-07
106,116,Applied,2024-05-17
106,116,Screening,2024-05-24
107,106,Applied,2024-04-03
107,106,Screening,2024-04-08
107,106,Interview,2024-04-10
108,110,Applied,2024-06-08
108,110,Screening,2024-06-12
108,110,Interview,2024-06-19
108,110,Offer,2024-06-21
109,109,Applied,2024-05-09
109,109,Screening,2024-05-13
110,113,Applied,2024-03-24
111,109,Applied,2024-05-21
111,109,Screening,2024-05-24
112,113,Applied,2024-06-19
112,113,Screening,2024-06-24
113,105,Applied,2024-06-06
113,105,Screening,2024-06-12
113,105,Interview,2024-06-16
113,105,Offer,2024-06-21
113,105,Hired,2024-06-27
114,109,Applied,2024-03-14
114,109,Screening,2024-03-17
114,109,Interview,2024-03-22
114,109,Offer,2024-03-28
114,109,Hired,2024-04-03
115,110,Applied,2024-04-29
115,110,Screening,2024-05-04
115,110,Interview,2024-05-09
115,110,Offer,2024-05-16
116,116,Applied,2024-05-01
116,116,Screening,2024-05-08
116,116,Interview,2024-05-11
116,116,Offer,2024-05-18
116,116,Hired,2024-05-20
117,116,Applied,2024-06-18
117,116,Screening,2024-06-25
117,116,Interview,2024-07-01
117,116,Offer,2024-07-05
117,116,Hired,2024-07-07
118,109,Applied,2024-02-27
118,109,Screening,2024-03-01
119,100,Applied,2024-01-12
119,100,Screening,2024-01-15
119,100,Interview,2024-01-20
119,100,Offer,2024-01-26
119,100,Hired,2024-01-28
120,113,Applied,2024-06-10
120,113,Screening,2024-06-16
120,113,Interview,2024-06-19
121,112,Applied,2024-05-06
121,112,Screening,2024-05-11
121,112,Interview,2024-05-14
121,112,Offer,2024-05-17
121,112,Hired,2024-05-24
122,100,Applied,2024-01-28
122,100,Screening,2024-02-02
122,100,Interview,2024-02-05
122,100,Offer,2024-02-08
122,100,Hired,2024-02-15
123,114,Applied,2024-01-13
123,114,Screening,2024-01-19
123,114,Interview,2024-01-22
124,114,Applied,2024-02-04
124,114,Screening,2024-02-09
125,116,Applied,2024-05-23
125,116,Screening,2024-05-29
126,114,Applied,2024-06-05
126,114,Screening,2024-06-12
126,114,Interview,2024-06-18
127,117,Applied,2024-04-24
127,117,Screening,2024-04-27
127,117,Interview,2024-05-04
127,117,Offer,2024-05-09
127,117,Hired,2024-05-14
128,107,Applied,2024-06-12
128,107,Screening,2024-06-16
128,107,Interview,2024-06-22
128,107,Offer,2024-06-27
128,107,Hired,2024-07-04
129,108,Applied,2024-04-22
130,109,Applied,2024-03-01
130,109,Screening,2024-03-05
130,109,Interview,2024-03-09
131,117,Applied,2024-01-21
131,117,Screening,2024-01-24
131,117,Interview,2024-01-27
132,112,Applied,2024-06-26
132,112,Screening,2024-06-29
133,106,Applied,2024-01-17
133,106,Screening,2024-01-22
134,110,Applied,2024-05-18
134,110,Screening,2024-05-23
134,110,Interview,2024-05-28
135,106,Applied,2024-04-17
135,106,Screening,2024-04-22
135,106,Interview,2024-04-28
135,106,Offer,2024-05-05
135,106,Hired,2024-05-07
136,112,Applied,2024-05-02
136,112,Screening,2024-05-04
136,112,Interview,2024-05-08
137,112,Applied,2024-04-17
137,112,Screening,2024-04-23
137,112,Interview,2024-04-30
138,117,Applied,2024-06-03
138,117,Screening,2024-06-06
138,117,Interview,2024-06-11
138,117,Offer,2024-06-14
139,113,Applied,2024-05-04
139,113,Screening,2024-05-06
139,113,Interview,2024-05-11
140,112,Applied,2024-02-12
140,112,Screening,2024-02-17
140,112,Interview,2024-02-20
140,112,Offer,2024-02-26
140,112,Hired,2024-03-03
141,112,Applied,2024-05-31
141,112,Screening,2024-06-06
141,112,Interview,2024-06-13
141,112,Offer,2024-06-15
141,112,Hired,2024-06-17
142,113,Applied,2024-02-04
142,113,Screening,2024-02-09
143,101,Applied,2024-03-07
143,101,Screening,2024-03-12
143,101,Interview,2024-03-16
144,114,Applied,2024-03-24
144,114,Screening,2024-03-28
144,114,Interview,2024-04-02
145,113,Applied,2024-03-05
145,113,Screening,2024-03-07
146,100,Applied,2024-05-18
147,111,Applied,2024-02-27
147,111,Screening,2024-03-05
147,111,Interview,2024-03-07
147,111,Offer,2024-03-14
148,100,Applied,2024-03-04
148,100,Screening,2024-03-07
148,100,Interview,2024-03-09
149,104,Applied,2024-03-02
150,115,Applied,2024-06-20
150,115,Screening,2024-06-22
151,106,Applied,2024-04-29
151,106,Screening,2024-05-06
151,106,Interview,2024-05-10
151,106,Offer,2024-05-14
151,106,Hired,2024-05-17
152,119,Applied,2024-01-30
152,119,Screening,2024-02-02
153,103,Applied,2024-05-28
153,103,Screening,2024-05-30
154,118,Applied,2024-06-22
154,118,Screening,2024-06-27
154,118,Interview,2024-07-02
155,106,Applied,2024-01-20
155,106,Screening,2024-01-26
155,106,Interview,2024-02-02
155,106,Offer,2024-02-09
155,106,Hired,2024-02-12
156,109,Applied,2024-06-24
156,109,Screening,2024-06-30
157,118,Applied,2024-01-11
157,118,Screening,2024-01-15
157,118,Interview,2024-01-21
157,118,Offer,2024-01-26
158,111,Applied,2024-01-18
158,111,Screening,2024-01-24
158,111,Interview,2024-01-31
158,111,Offer,2024-02-04
159,113,Applied,2024-05-05
159,113,Screening,2024-05-07
160,111,Applied,2024-06-11
160,111,Screening,2024-06-16
160,111,Interview,2024-06-23
160,111,Offer,2024-06-26
161,105,Applied,2024-05-13
161,105,Screening,2024-05-20
161,105,Interview,2024-05-24
162,117,Applied,2024-05-03
162,117,Screening,2024-05-08
162,117,Interview,2024-05-13
162,117,Offer,2024-05-20
163,108,Applied,2024-03-23
163,108,Screening,2024-03-26
163,108,Interview,2024-03-28
163,108,Offer,2024-04-01
164,107,Applied,2024-04-28
164,107,Screening,2024-05-04
164,107,Interview,2024-05-10
165,112,Applied,2024-03-27
166,115,Applied,2024-03-24
166,115,Screening,2024-03-27
166,115,Interview,2024-04-01
166,115,Offer,2024-04-04
166,115,Hired,2024-04-08
167,110,Applied,2024-03-12
167,110,Screening,2024-03-18
167,110,Interview,2024-03-25
168,117,Applied,2024-01-03
168,117,Screening,2024-01-09
169,102,Applied,2024-03-02
170,113,Applied,2024-05-05
170,113,Screening,2024-05-11
170,113,Interview,2024-05-14
171,115,Applied,2024-06-14
171,115,Screening,2024-06-21
171,115,Interview,2024-06-26
171,115,Offer,2024-07-01
172,102,Applied,2024-03-16
173,112,Applied,2024-06-26
173,112,Screening,2024-06-29
173,112,Interview,2024-07-03
174,118,Applied,2024-04-04
174,118,Screening,2024-04-09
175,116,Applied,2024-03-29
175,116,Screening,2024-04-03
175,116,Interview,2024-04-10
175,116,Offer,2024-04-16
176,111,Applied,2024-06-28
176,111,Screening,2024-07-03
177,109,Applied,2024-03-05
177,109,Screening,2024-03-08
177,109,Interview,2024-03-10
177,109,Offer,2024-03-17
178,110,Applied,2024-01-31
178,110,Screening,2024-02-07
178,110,Interview,2024-02-13
179,105,Applied,2024-02-19
179,105,Screening,2024-02-22
179,105,Interview,2024-02-29
179,105,Offer,2024-03-05
179,105,Hired,2024-03-09
180,118,Applied,2024-05-14
180,118,Screening,2024-05-20
181,103,Applied,2024-02-19
181,103,Screening,2024-02-23
181,103,Interview,2024-02-26
182,105,Applied,2024-03-18
182,105,Screening,2024-03-20
183,117,Applied,2024-02-02
183,117,Screening,2024-02-06
183,117,Interview,2024-02-08
183,117,Offer,2024-02-10
183,117,Hired,2024-02-16
184,104,Applied,2024-06-12
184,104,Screening,2024-06-17
184,104,Interview,2024-06-19
184,104,Offer,2024-06-21
184,104,Hired,2024-06-27
185,115,Applied,2024-05-02
185,115,Screening,2024-05-07
186,105,Applied,2024-01-14
186,105,Screening,2024-01-18
186,105,Interview,2024-01-23
186,105,Offer,2024-01-25
187,112,Applied,2024-05-05
187,112,Screening,2024-05-07
187,112,Interview,2024-05-13
187,112,Offer,2024-05-20
187,112,Hired,2024-05-27
188,104,Applied,2024-02-08
188,104,Screening,2024-02-14
188,104,Interview,2024-02-18
189,107,Applied,2024-01-31
189,107,Screening,2024-02-06
189,107,Interview,2024-02-11
190,119,Applied,2024-06-07
190,119,Screening,2024-06-10
191,112,Applied,2024-04-25
192,109,Applied,2024-05-30
192,109,Screening,2024-06-04
192,109,Interview,2024-06-08
192,109,Offer,2024-06-14
192,109,Hired,2024-06-20
193,119,Applied,2024-01-26
193,119,Screening,2024-01-29
193,119,Interview,2024-02-05
193,119,Offer,2024-02-08
193,119,Hired,2024-02-12
194,102,Applied,2024-02-10
194,102,Screening,2024-02-13
194,102,Interview,2024-02-16
194,102,Offer,2024-02-22
195,105,Applied,2024-01-01
195,105,Screening,2024-01-06
195,105,Interview,2024-01-11
196,119,Applied,2024-04-30
196,119,Screening,2024-05-04
196,119,Interview,2024-05-06
197,109,Applied,2024-06-29
197,109,Screening,2024-07-03
197,109,Interview,2024-07-10
197,109,Offer,2024-07-15
198,107,Applied,2024-03-08
198,107,Screening,2024-03-15
198,107,Interview,2024-03-21
198,107,Offer,2024-03-28
198,107,Hired,2024-03-31
199,103,Applied,2024-05-19
199,103,Screening,2024-05-22
199,103,Interview,2024-05-29
199,103,Offer,2024-06-01
199,103,Hired,2024-06-05
200,102,Applied,2024-01-16
200,102,Screening,2024-01-19
200,102,Interview,2024-01-23
200,102,Offer,2024-01-29
201,118,Applied,2024-03-14
201,118,Screening,2024-03-19
201,118,Interview,2024-03-21
201,118,Offer,2024-03-26
202,109,Applied,2024-06-28
203,108,Applied,2024-05-08
203,108,Screening,2024-05-14
204,114,Applied,2024-01-21
204,114,Screening,2024-01-27
204,114,Interview,2024-01-29
204,114,Offer,2024-02-03
204,114,Hired,2024-02-10
205,119,Applied,2024-03-05
205,119,Screening,2024-03-07
205,119,Interview,2024-03-09
205,119,Offer,2024-03-12
206,118,Applied,2024-05-30
207,108,Applied,2024-05-27
207,108,Screening,2024-05-29
208,115,Applied,2024-05-12
208,115,Screening,2024-05-19
208,115,Interview,2024-05-24
208,115,Offer,2024-05-28
209,118,Applied,2024-04-21
210,115,Applied,2024-01-24
210,115,Screening,2024-01-29
211,113,Applied,2024-03-26
211,113,Screening,2024-03-30
211,113,Interview,2024-04-06
212,105,Applied,2024-03-25
212,105,Screening,2024-03-30
212,105,Interview,2024-04-06
212,105,Offer,2024-04-11
213,112,Applied,2024-05-20
213,112,Screening,2024-05-22
213,112,Interview,2024-05-27
213,112,Offer,2024-05-29
214,108,Applied,2024-03-23
214,108,Screening,2024-03-25
215,116,Applied,2024-01-01
215,116,Screening,2024-01-08
215,116,Interview,2024-01-14
215,116,Offer,2024-01-19
216,101,Applied,2024-02-18
216,101,Screening,2024-02-24
217,119,Applied,2024-05-07
217,119,Screening,2024-05-14
217,119,Interview,2024-05-19
218,106,Applied,2024-03-09
218,106,Screening,2024-03-15
218,106,Interview,2024-03-18
218,106,Offer,2024-03-22
219,115,Applied,2024-02-01
219,115,Screening,2024-02-03
219,115,Interview,2024-02-10
219,115,Offer,2024-02-16
220,105,Applied,2024-03-20
220,105,Screening,2024-03-26
220,105,Interview,2024-03-28
220,105,Offer,2024-04-03
220,105,Hired,2024-04-08
221,107,Applied,2024-01-30
221,107,Screening,2024-02-04
221,107,Interview,2024-02-06
221,107,Offer,2024-02-13
222,115,Applied,2024-03-15
222,115,Screening,2024-03-21
222,115,Interview,2024-03-28
223,113,Applied,2024-05-03
224,107,Applied,2024-04-26
224,107,Screening,2024-05-02
224,107,Interview,2024-05-05
225,106,Applied,2024-06-02
225,106,Screening,2024-06-08
226,104,Applied,2024-01-18
226,104,Screening,2024-01-22
227,110,Applied,2024-05-09
227,110,Screening,2024-05-13
227,110,Interview,2024-05-15
227,110,Offer,2024-05-19
227,110,Hired,2024-05-26
228,118,Applied,2024-05-28
228,118,Screening,2024-06-04
228,118,Interview,2024-06-09
229,114,Applied,2024-05-17
229,114,Screening,2024-05-22
229,114,Interview,2024-05-26
229,114,Offer,2024-05-30
229,114,Hired,2024-06-05
230,112,Applied,2024-04-26
230,112,Screening,2024-04-30
230,112,Interview,2024-05-03
230,112,Offer,2024-05-10
231,118,Applied,2024-04-08
231,118,Screening,2024-04-11
231,118,Interview,2024-04-16
231,118,Offer,2024-04-18
232,115,Applied,2024-06-29
232,115,Screening,2024-07-04
232,115,Interview,2024-07-09
233,120,Applied,2024-02-08
233,120,Screening,2024-02-13
233,120,Interview,2024-02-15
234,116,Applied,2024-05-31
234,116,Screening,2024-06-04
234,116,Interview,2024-06-06
235,103,Applied,2024-05-14
235,103,Screening,2024-05-19
236,104,Applied,2024-04-14
236,104,Screening,2024-04-21
236,104,Interview,2024-04-24
236,104,Offer,2024-04-26
237,108,Applied,2024-03-27
237,108,Screening,2024-04-02
238,112,Applied,2024-06-15
239,110,Applied,2024-06-21
239,110,Screening,2024-06-27
239,110,Interview,2024-07-02
239,110,Offer,2024-07-06
240,115,Applied,2024-05-18
240,115,Screening,2024-05-20
241,102,Applied,2024-03-01
241,102,Screening,2024-03-08
241,102,Interview,2024-03-15
241,102,Offer,2024-03-19
241,102,Hired,2024-03-22
242,102,Applied,2024-04-21
242,102,Screening,2024-04-23
242,102,Interview,2024-04-30
242,102,Offer,2024-05-07
242,102,Hired,2024-05-09
243,105,Applied,2024-06-26
243,105,Screening,2024-06-30
243,105,Interview,2024-07-02
243,105,Offer,2024-07-04
243,105,Hired,2024-07-08
244,109,Applied,2024-04-01
244,109,Screening,2024-04-05
244,109,Interview,2024-04-10
245,107,Applied,2024-05-15
246,118,Applied,2024-06-23
246,118,Screening,2024-06-26
246,118,Interview,2024-06-29
246,118,Offer,2024-07-02
246,118,Hired,2024-07-04
247,112,Applied,2024-06-07
247,112,Screening,2024-06-14
247,112,Interview,2024-06-17
248,118,Applied,2024-02-06
248,118,Screening,2024-02-09
248,118,Interview,2024-02-14
248,118,Offer,2024-02-21
248,118,Hired,2024-02-25
249,108,Applied,2024-06-19
249,108,Screening,2024-06-21
249,108,Interview,2024-06-26
249,108,Offer,2024-06-30
249,108,Hired,2024-07-07
250,105,Applied,2024-01-19
250,105,Screening,2024-01-24
250,105,Interview,2024-01-28
250,105,Offer,2024-02-03
250,105,Hired,2024-02-07
251,113,Applied,2024-06-25
251,113,Screening,2024-06-29
252,109,Applied,2024-02-20
252,109,Screening,2024-02-25
252,109,Interview,2024-03-01
253,107,Applied,2024-04-07
253,107,Screening,2024-04-13
253,107,Interview,2024-04-17
253,107,Offer,2024-04-23
253,107,Hired,2024-04-27
254,109,Applied,2024-01-06
254,109,Screening,2024-01-13
254,109,Interview,2024-01-18
255,100,Applied,2024-05-24
255,100,Screening,2024-05-31
256,101,Applied,2024-06-04
256,101,Screening,2024-06-11
256,101,Interview,2024-06-16
257,107,Applied,2024-06-04
257,107,Screening,2024-06-08
257,107,Interview,2024-06-11
257,107,Offer,2024-06-18
257,107,Hired,2024-06-21
258,108,Applied,2024-06-22
258,108,Screening,2024-06-29
258,108,Interview,2024-07-06
258,108,Offer,2024-07-13
259,120,Applied,2024-01-25
259,120,Screening,2024-02-01
259,120,Interview,2024-02-08
260,109,Applied,2024-04-22
261,118,Applied,2024-04-03
261,118,Screening,2024-04-10
261,118,Interview,2024-04-13
261,118,Offer,2024-04-15
262,110,Applied,2024-04-16
262,110,Screening,2024-04-19
262,110,Interview,2024-04-22
262,110,Offer,2024-04-25
262,110,Hired,2024-05-01
263,116,Applied,2024-05-08
263,116,Screening,2024-05-12
264,108,Applied,2024-05-03
264,108,Screening,2024-05-07
264,108,Interview,2024-05-14
265,103,Applied,2024-04-29
265,103,Screening,2024-05-01
265,103,Interview,2024-05-04
265,103,Offer,2024-05-07
265,103,Hired,2024-05-14
266,112,Applied,2024-05-22
266,112,Screening,2024-05-26
266,112,Interview,2024-05-28
266,112,Offer,2024-06-02
267,108,Applied,2024-05-17
267,108,Screening,2024-05-19
267,108,Interview,2024-05-24
267,108,Offer,2024-05-28
268,108,Applied,2024-05-29
268,108,Screening,2024-06-03
268,108,Interview,2024-06-10
268,108,Offer,2024-06-14
269,107,Applied,2024-04-30
269,107,Screening,2024-05-02
269,107,Interview,2024-05-08
270,110,Applied,2024-06-05
270,110,Screening,2024-06-08
271,102,Applied,2024-06-11
271,102,Screening,2024-06-16
271,102,Interview,2024-06-23
271,102,Offer,2024-06-27
271,102,Hired,2024-07-04
272,103,Applied,2024-02-05
272,103,Screening,2024-02-07
272,103,Interview,2024-02-09
272,103,Offer,2024-02-13
272,103,Hired,2024-02-18
273,103,Applied,2024-03-01
273,103,Screening,2024-03-07
273,103,Interview,2024-03-10
273,103,Offer,2024-03-15
273,103,Hired,2024-03-20
274,117,Applied,2024-04-17
274,117,Screening,2024-04-23
274,117,Interview,2024-04-30
274,117,Offer,2024-05-07
274,117,Hired,2024-05-10
275,120,Applied,2024-01-26
275,120,Screening,2024-01-31
275,120,Interview,2024-02-06
276,108,Applied,2024-01-09
276,108,Screening,2024-01-16
276,108,Interview,2024-01-20
277,114,Applied,2024-04-23
277,114,Screening,2024-04-26
277,114,Interview,2024-04-30
277,114,Offer,2024-05-02
278,111,Applied,2024-05-19
278,111,Screening,2024-05-26
278,111,Interview,2024-05-30
278,111,Offer,2024-06-01
279,108,Applied,2024-02-18
279,108,Screening,2024-02-20
279,108,Interview,2024-02-25
279,108,Offer,2024-02-27
280,106,Applied,2024-06-13
280,106,Screening,2024-06-20
280,106,Interview,2024-06-26
280,106,Offer,2024-06-28
281,110,Applied,2024-03-03
281,110,Screening,2024-03-06
281,110,Interview,2024-03-12
281,110,Offer,2024-03-15
281,110,Hired,2024-03-17
282,106,Applied,2024-05-30
282,106,Screening,2024-06-02
282,106,Interview,2024-06-05
283,104,Applied,2024-06-01
283,104,Screening,2024-06-03
283,104,Interview,2024-06-07
284,104,Applied,2024-05-18
285,105,Applied,2024-01-29
285,105,Screening,2024-02-05
285,105,Interview,2024-02-07
286,100,Applied,2024-04-01
287,118,Applied,2024-03-23
287,118,Screening,2024-03-25
287,118,Interview,2024-03-28
288,101,Applied,2024-02-02
288,101,Screening,2024-02-09
288,101,Interview,2024-02-14
289,103,Applied,2024-01-17
289,103,Screening,2024-01-22
290,111,Applied,2024-05-11
290,111,Screening,2024-05-17
290,111,Interview,2024-05-19
291,116,Applied,2024-02-26
292,101,Applied,2024-06-17
293,109,Applied,2024-04-27
293,109,Screening,2024-05-04
293,109,Interview,2024-05-06
293,109,Offer,2024-05-08
293,109,Hired,2024-05-13
294,113,Applied,2024-06-24
294,113,Screening,2024-06-26
294,113,Interview,2024-07-01
295,114,Applied,2024-01-19
295,114,Screening,2024-01-21
296,119,Applied,2024-02-07
296,119,Screening,2024-02-09
296,119,Interview,2024-02-12
297,119,Applied,2024-06-11
297,119,Screening,2024-06-17
297,119,Interview,2024-06-23
297,119,Offer,2024-06-30
298,112,Applied,2024-06-01
298,112,Screening,2024-06-07
299,114,Applied,2024-05-09
299,114,Screening,2024-05-15
299,114,Interview,2024-05-20
299,114,Offer,2024-05-22
300,103,Applied,2024-06-16
301,117,Applied,2024-02-25
302,114,Applied,2024-02-28
302,114,Screening,2024-03-04
302,114,Interview,2024-03-08
303,112,Applied,2024-04-16
303,112,Screening,2024-04-23
303,112,Interview,2024-04-25
304,113,Applied,2024-03-21
304,113,Screening,2024-03-28
304,113,Interview,2024-04-01
304,113,Offer,2024-04-05
305,115,Applied,2024-01-18
305,115,Screening,2024-01-20
305,115,Interview,2024-01-22
305,115,Offer,2024-01-24
306,103,Applied,2024-04-05
306,103,Screening,2024-04-08
306,103,Interview,2024-04-14
306,103,Offer,2024-04-16
306,103,Hired,2024-04-22
307,117,Applied,2024-03-25
307,117,Screening,2024-04-01
307,117,Interview,2024-04-03
308,111,Applied,2024-06-19
308,111,Screening,2024-06-24
308,111,Interview,2024-07-01
309,109,Applied,2024-06-02
309,109,Screening,2024-06-06
309,109,Interview,2024-06-10
309,109,Offer,2024-06-12
310,116,Applied,2024-02-24
310,116,Screening,2024-02-27
311,115,Applied,2024-02-27
311,115,Screening,2024-02-29
311,115,Interview,2024-03-04
312,111,Applied,2024-01-30
313,118,Applied,2024-02-27
314,117,Applied,2024-06-08
314,117,Screening,2024-06-14
314,117,Interview,2024-06-21
314,117,Offer,2024-06-28
314,117,Hired,2024-07-04
315,119,Applied,2024-06-17
315,119,Screening,2024-06-24
315,119,Interview,2024-06-28
315,119,Offer,2024-06-30
315,119,Hired,2024-07-03
316,109,Applied,2024-03-27
316,109,Screening,2024-03-31
316,109,Interview,2024-04-02
316,109,Offer,2024-04-05
317,118,Applied,2024-06-17
317,118,Screening,2024-06-22
317,118,Interview,2024-06-24
318,120,Applied,2024-01-08
318,120,Screening,2024-01-10
319,116,Applied,2024-02-25
319,116,Screening,2024-03-01
320,114,Applied,2024-03-28
320,114,Screening,2024-03-31
321,109,Applied,2024-03-24
321,109,Screening,2024-03-30
321,109,Interview,2024-04-05
322,101,Applied,2024-02-09
322,101,Screening,2024-02-12
322,101,Interview,2024-02-18
322,101,Offer,2024-02-20
323,102,Applied,2024-03-10
323,102,Screening,2024-03-15
323,102,Interview,2024-03-22
323,102,Offer,2024-03-27
324,119,Applied,2024-04-23
324,119,Screening,2024-04-28
325,106,Applied,2024-05-11
325,106,Screening,2024-05-13
325,106,Interview,2024-05-17
325,106,Offer,2024-05-22
325,106,Hired,2024-05-24
326,118,Applied,2024-05-04
326,118,Screening,2024-05-10
326,118,Interview,2024-05-17
326,118,Offer,2024-05-21
327,107,Applied,2024-04-11
327,107,Screening,2024-04-17
327,107,Interview,2024-04-19
328,106,Applied,2024-03-18
328,106,Screening,2024-03-21
328,106,Interview,2024-03-24
328,106,Offer,2024-03-28
329,110,Applied,2024-01-31
329,110,Screening,2024-02-02
329,110,Interview,2024-02-07
330,113,Applied,2024-02-14
330,113,Screening,2024-02-17
331,117,Applied,2024-06-29
331,117,Screening,2024-07-02
331,117,Interview,2024-07-08
332,111,Applied,2024-01-19
332,111,Screening,2024-01-24
332,111,Interview,2024-01-31
332,111,Offer,2024-02-02
333,100,Applied,2024-04-27
334,110,Applied,2024-05-27
334,110,Screening,2024-06-01
335,112,Applied,2024-06-12
336,109,Applied,2024-01-30
337,100,Applied,2024-03-24
337,100,Screening,2024-03-27
337,100,Interview,2024-04-02
337,100,Offer,2024-04-07
337,100,Hired,2024-04-14
338,102,Applied,2024-04-21
338,102,Screening,2024-04-23
338,102,Interview,2024-04-26
338,102,Offer,2024-05-01
339,112,Applied,2024-05-14
339,112,Screening,2024-05-16
339,112,Interview,2024-05-21
340,110,Applied,2024-02-26
341,105,Applied,2024-01-20
341,105,Screening,2024-01-26
341,105,Interview,2024-02-02
342,116,Applied,2024-05-10
342,116,Screening,2024-05-13
342,116,Interview,2024-05-17
343,120,Applied,2024-02-07
343,120,Screening,2024-02-10
344,104,Applied,2024-03-06
344,104,Screening,2024-03-09
344,104,Interview,2024-03-12
345,104,Applied,2024-06-16
345,104,Screening,2024-06-18
345,104,Interview,2024-06-21
346,115,Applied,2024-04-28
346,115,Screening,2024-05-04
346,115,Interview,2024-05-10
346,115,Offer,2024-05-15
347,118,Applied,2024-06-13
347,118,Screening,2024-06-20
347,118,Interview,2024-06-26
347,118,Offer,2024-06-30
348,110,Applied,2024-02-08
349,102,Applied,2024-04-30
349,102,Screening,2024-05-05
349,102,Interview,2024-05-12
350,108,Applied,2024-05-31
350,108,Screening,2024-06-02
350,108,Interview,2024-06-06
350,108,Offer,2024-06-12
351,109,Applied,2024-04-28
351,109,Screening,2024-05-03
351,109,Interview,2024-05-05
352,111,Applied,2024-03-14
352,111,Screening,2024-03-16
352,111,Interview,2024-03-23
352,111,Offer,2024-03-25
352,111,Hired,2024-03-31
353,116,Applied,2024-04-08
353,116,Screening,2024-04-13
353,116,Interview,2024-04-19
353,116,Offer,2024-04-25
354,101,Applied,2024-04-25
354,101,Screening,2024-05-01
355,106,Applied,2024-03-23
356,115,Applied,2024-05-08
356,115,Screening,2024-05-11
356,115,Interview,2024-05-13
356,115,Offer,2024-05-18
357,110,Applied,2024-01-22
358,120,Applied,2024-02-14
358,120,Screening,2024-02-16
358,120,Interview,2024-02-19
359,114,Applied,2024-04-22
359,114,Screening,2024-04-28
359,114,Interview,2024-05-04
359,114,Offer,2024-05-10
359,114,Hired,2024-05-13
360,111,Applied,2024-03-13
360,111,Screening,2024-03-18
360,111,Interview,2024-03-23
361,119,Applied,2024-01-14
361,119,Screening,2024-01-21
361,119,Interview,2024-01-28
362,102,Applied,2024-03-25
362,102,Screening,2024-03-27
362,102,Interview,2024-04-02
362,102,Offer,2024-04-09
363,109,Applied,2024-03-05
363,109,Screening,2024-03-12
363,109,Interview,2024-03-19
364,104,Applied,2024-03-26
364,104,Screening,2024-03-28
364,104,Interview,2024-04-03
365,104,Applied,2024-03-30
365,104,Screening,2024-04-03
365,104,Interview,2024-04-10
365,104,Offer,2024-04-17
365,104,Hired,2024-04-24
366,104,Applied,2024-06-01
366,104,Screening,2024-06-08
366,104,Interview,2024-06-10
367,117,Applied,2024-04-06
367,117,Screening,2024-04-13
367,117,Interview,2024-04-17
367,117,Offer,2024-04-20
367,117,Hired,2024-04-27
368,116,Applied,2024-01-24
368,116,Screening,2024-01-31
368,116,Interview,2024-02-07
368,116,Offer,2024-02-12
368,116,Hired,2024-02-18
369,100,Applied,2024-04-02
369,100,Screening,2024-04-06
370,106,Applied,2024-03-28
371,106,Applied,2024-02-27
371,106,Screening,2024-03-01
372,102,Applied,2024-03-16
373,116,Applied,2024-05-18
374,116,Applied,2024-01-10
374,116,Screening,2024-01-17
374,116,Interview,2024-01-21
374,116,Offer,2024-01-27
375,119,Applied,2024-04-06
376,105,Applied,2024-02-16
376,105,Screening,2024-02-23
376,105,Interview,2024-02-29
377,114,Applied,2024-01-12
377,114,Screening,2024-01-17
377,114,Interview,2024-01-21
377,114,Offer,2024-01-28
377,114,Hired,2024-02-04
378,114,Applied,2024-06-05
379,114,Applied,2024-02-29
379,114,Screening,2024-03-06
379,114,Interview,2024-03-09
379,114,Offer,2024-03-13
379,114,Hired,2024-03-18
380,111,Applied,2024-06-22
380,111,Screening,2024-06-28
381,114,Applied,2024-03-13
381,114,Screening,2024-03-18
382,116,Applied,2024-04-17
382,116,Screening,2024-04-20
382,116,Interview,2024-04-23
382,116,Offer,2024-04-29
383,108,Applied,2024-01-14
383,108,Screening,2024-01-21
383,108,Interview,2024-01-26
383,108,Offer,2024-01-30
384,103,Applied,2024-05-12
384,103,Screening,2024-05-14
384,103,Interview,2024-05-18
384,103,Offer,2024-05-20
384,103,Hired,2024-05-23
385,114,Applied,2024-05-11
385,114,Screening,2024-05-14
385,114,Interview,2024-05-19
385,114,Offer,2024-05-21
386,114,Applied,2024-03-30
386,114,Screening,2024-04-01
386,114,Interview,2024-04-06
386,114,Offer,2024-04-08
386,114,Hired,2024-04-13
387,111,Applied,2024-03-01
387,111,Screening,2024-03-06
388,111,Applied,2024-02-27
388,111,Screening,2024-02-29
389,103,Applied,2024-06-15
389,103,Screening,2024-06-19
389,103,Interview,2024-06-22
389,103,Offer,2024-06-25
390,109,Applied,2024-04-30
390,109,Screening,2024-05-07
390,109,Interview,2024-05-10
390,109,Offer,2024-05-17
390,109,Hired,2024-05-22
391,119,Applied,2024-01-02
391,119,Screening,2024-01-04
391,119,Interview,2024-01-06
391,119,Offer,2024-01-10
391,119,Hired,2024-01-13
392,117,Applied,2024-06-04
392,117,Screening,2024-06-10
392,117,Interview,2024-06-15
393,109,Applied,2024-03-01
393,109,Screening,2024-03-05
393,109,Interview,2024-03-07
394,107,Applied,2024-04-17
394,107,Screening,2024-04-24
394,107,Interview,2024-04-30
394,107,Offer,2024-05-05
395,103,Applied,2024-05-07
395,103,Screening,2024-05-13
395,103,Interview,2024-05-19
396,120,Applied,2024-05-11
396,120,Screening,2024-05-17
396,120,Interview,2024-05-20
396,120,Offer,2024-05-27
396,120,Hired,2024-05-30
397,113,Applied,2024-01-01
397,113,Screening,2024-01-07
397,113,Interview,2024-01-11
397,113,Offer,2024-01-14
397,113,Hired,2024-01-20
398,105,Applied,2024-06-19
398,105,Screening,2024-06-26
398,105,Interview,2024-06-28
399,111,Applied,2024-01-18
399,111,Screening,2024-01-24
399,111,Interview,2024-01-30
399,111,Offer,2024-02-05
400,117,Applied,2024-01-06
400,117,Screening,2024-01-11
400,117,Interview,2024-01-16
400,117,Offer,2024-01-18
401,112,Applied,2024-04-05
401,112,Screening,2024-04-09
402,100,Applied,2024-04-01
402,100,Screening,2024-04-03
402,100,Interview,2024-04-07
402,100,Offer,2024-04-10
402,100,Hired,2024-04-17
403,120,Applied,2024-01-27
403,120,Screening,2024-02-02
403,120,Interview,2024-02-09
404,104,Applied,2024-01-12
404,104,Screening,2024-01-16
404,104,Interview,2024-01-22
404,104,Offer,2024-01-26
404,104,Hired,2024-02-02
405,114,Applied,2024-06-27
405,114,Screening,2024-07-02
405,114,Interview,2024-07-09
406,104,Applied,2024-01-17
406,104,Screening,2024-01-24
406,104,Interview,2024-01-29
406,104,Offer,2024-01-31
406,104,Hired,2024-02-04
407,101,Applied,2024-02-21
407,101,Screening,2024-02-23
407,101,Interview,2024-02-27
408,116,Applied,2024-04-11
409,115,Applied,2024-03-05
409,115,Screening,2024-03-07
409,115,Interview,2024-03-14
409,115,Offer,2024-03-17
409,115,Hired,2024-03-21
410,101,Applied,2024-06-16
411,108,Applied,2024-02-01
411,108,Screening,2024-02-05
411,108,Interview,2024-02-10
412,114,Applied,2024-04-08
412,114,Screening,2024-04-12
412,114,Interview,2024-04-15
412,114,Offer,2024-04-20
412,114,Hired,2024-04-27
413,111,Applied,2024-05-12
413,111,Screening,2024-05-16
413,111,Interview,2024-05-18
413,111,Offer,2024-05-25
413,111,Hired,2024-05-30
414,113,Applied,2024-06-03
414,113,Screening,2024-06-06
414,113,Interview,2024-06-12
415,110,Applied,2024-01-27
415,110,Screening,2024-01-29
415,110,Interview,2024-02-02
415,110,Offer,2024-02-09
416,109,Applied,2024-04-24
416,109,Screening,2024-04-30
416,109,Interview,2024-05-07
417,105,Applied,2024-06-25
417,105,Screening,2024-06-30
418,114,Applied,2024-01-11
418,114,Screening,2024-01-18
418,114,Interview,2024-01-22
419,113,Applied,2024-03-11
419,113,Screening,2024-03-18
419,113,Interview,2024-03-20
419,113,Offer,2024-03-22
420,120,Applied,2024-04-13
420,120,Screening,2024-04-17
420,120,Interview,2024-04-23
420,120,Offer,2024-04-30
421,105,Applied,2024-01-08
421,105,Screening,2024-01-11
421,105,Interview,2024-01-17
421,105,Offer,2024-01-24
422,101,Applied,2024-02-02
422,101,Screening,2024-02-04
422,101,Interview,2024-02-07
422,101,Offer,2024-02-14
423,111,Applied,2024-04-08
424,101,Applied,2024-06-03
424,101,Screening,2024-06-06
424,101,Interview,2024-06-13
425,111,Applied,2024-04-05
426,102,Applied,2024-05-26
426,102,Screening,2024-05-29
426,102,Interview,2024-06-04
427,112,Applied,2024-03-21
427,112,Screening,2024-03-28
427,112,Interview,2024-04-01
428,103,Applied,2024-01-07
428,103,Screening,2024-01-14
428,103,Interview,2024-01-17
428,103,Offer,2024-01-22
428,103,Hired,2024-01-28
429,117,Applied,2024-01-31
429,117,Screening,2024-02-04
429,117,Interview,2024-02-08
430,114,Applied,2024-02-24
430,114,Screening,2024-03-01
431,115,Applied,2024-02-21
431,115,Screening,2024-02-23
432,102,Applied,2024-04-25
432,102,Screening,2024-04-28
432,102,Interview,2024-05-05
432,102,Offer,2024-05-10
433,110,Applied,2024-06-19
433,110,Screening,2024-06-23
433,110,Interview,2024-06-30
433,110,Offer,2024-07-02
434,117,Applied,2024-03-15
434,117,Screening,2024-03-19
435,120,Applied,2024-02-14
436,116,Applied,2024-02-27
436,116,Screening,2024-02-29
436,116,Interview,2024-03-03
436,116,Offer,2024-03-06
437,115,Applied,2024-01-07
438,117,Applied,2024-05-26
438,117,Screening,2024-05-30
438,117,Interview,2024-06-04
438,117,Offer,2024-06-10
438,117,Hired,2024-06-13
439,102,Applied,2024-01-17
439,102,Screening,2024-01-21
439,102,Interview,2024-01-26
439,102,Offer,2024-02-02
440,115,Applied,2024-05-14
441,113,Applied,2024-05-27
442,104,Applied,2024-03-22
442,104,Screening,2024-03-29
442,104,Interview,2024-03-31
442,104,Offer,2024-04-05
442,104,Hired,2024-04-10
443,116,Applied,2024-03-29
443,116,Screening,2024-04-01
443,116,Interview,2024-04-07
444,118,Applied,2024-02-16
444,118,Screening,2024-02-19
444,118,Interview,2024-02-24
445,101,Applied,2024-02-01
445,101,Screening,2024-02-07
445,101,Interview,2024-02-10
445,101,Offer,2024-02-14
445,101,Hired,2024-02-17
446,110,Applied,2024-02-27
446,110,Screening,2024-03-02
446,110,Interview,2024-03-08
446,110,Offer,2024-03-12
446,110,Hired,2024-03-14
447,106,Applied,2024-06-11
447,106,Screening,2024-06-17
447,106,Interview,2024-06-21
447,106,Offer,2024-06-24
447,106,Hired,2024-07-01
448,119,Applied,2024-05-16
448,119,Screening,2024-05-18
448,119,Interview,2024-05-24
448,119,Offer,2024-05-31
449,118,Applied,2024-05-28
449,118,Screening,2024-05-31
449,118,Interview,2024-06-03
450,119,Applied,2024-06-03
451,118,Applied,2024-01-11
451,118,Screening,2024-01-13
451,118,Interview,2024-01-15
451,118,Offer,2024-01-17
452,118,Applied,2024-03-08
452,118,Screening,2024-03-15
452,118,Interview,2024-03-18
453,113,Applied,2024-06-07
453,113,Screening,2024-06-14
453,113,Interview,2024-06-16
454,120,Applied,2024-05-19
454,120,Screening,2024-05-23
454,120,Interview,2024-05-30
454,120,Offer,2024-06-03
454,120,Hired,2024-06-08
455,112,Applied,2024-03-17
455,112,Screening,2024-03-22
456,101,Applied,2024-02-10
456,101,Screening,2024-02-15
456,101,Interview,2024-02-20
457,114,Applied,2024-02-22
458,119,Applied,2024-02-06
458,119,Screening,2024-02-10
458,119,Interview,2024-02-17
459,111,Applied,2024-04-12
460,111,Applied,2024-05-11
460,111,Screening,2024-05-17
461,110,Applied,2024-03-02
461,110,Screening,2024-03-07
462,108,Applied,2024-04-25
462,108,Screening,2024-04-28
462,108,Interview,2024-05-01
462,108,Offer,2024-05-03
463,109,Applied,2024-04-08
463,109,Screening,2024-04-14
463,109,Interview,2024-04-19
463,109,Offer,2024-04-22
464,110,Applied,2024-05-27
464,110,Screening,2024-06-03
464,110,Interview,2024-06-07
465,105,Applied,2024-05-07
465,105,Screening,2024-05-13
465,105,Interview,2024-05-18
465,105,Offer,2024-05-23
465,105,Hired,2024-05-27
466,100,Applied,2024-01-24
466,100,Screening,2024-01-29
466,100,Interview,2024-02-04
467,107,Applied,2024-02-25
467,107,Screening,2024-03-02
468,101,Applied,2024-01-13
468,101,Screening,2024-01-17
468,101,Interview,2024-01-22
468,101,Offer,2024-01-28
468,101,Hired,2024-02-04
469,115,Applied,2024-03-14
469,115,Screening,2024-03-20
470,103,Applied,2024-04-20
470,103,Screening,2024-04-23
470,103,Interview,2024-04-27
470,103,Offer,2024-05-04
470,103,Hired,2024-05-08
471,111,Applied,2024-01-12
472,101,Applied,2024-05-25
472,101,Screening,2024-05-31
472,101,Interview,2024-06-03
472,101,Offer,2024-06-07
472,101,Hired,2024-06-13
473,102,Applied,2024-04-08
474,114,Applied,2024-05-20
474,114,Screening,2024-05-24
474,114,Interview,2024-05-30
474,114,Offer,2024-06-06
474,114,Hired,2024-06-12
475,104,Applied,2024-01-25
475,104,Screening,2024-01-30
475,104,Interview,2024-02-03
476,117,Applied,2024-04-03
476,117,Screening,2024-04-06
476,117,Interview,2024-04-09
476,117,Offer,2024-04-15
476,117,Hired,2024-04-21
477,116,Applied,2024-01-11
478,101,Applied,2024-02-05
478,101,Screening,2024-02-12
478,101,Interview,2024-02-16
479,116,Applied,2024-04-26
479,116,Screening,2024-04-29
479,116,Interview,2024-05-05
479,116,Offer,2024-05-11
479,116,Hired,2024-05-14
480,119,Applied,2024-03-22
480,119,Screening,2024-03-25
480,119,Interview,2024-03-30
481,109,Applied,2024-05-31
481,109,Screening,2024-06-04
481,109,Interview,2024-06-10
481,109,Offer,2024-06-16
482,115,Applied,2024-05-24
482,115,Screening,2024-05-28
482,115,Interview,2024-06-02
482,115,Offer,2024-06-04
483,110,Applied,2024-06-21
483,110,Screening,2024-06-23
483,110,Interview,2024-06-28
484,109,Applied,2024-06-25
484,109,Screening,2024-07-02
484,109,Interview,2024-07-04
484,109,Offer,2024-07-10
485,108,Applied,2024-06-16
485,108,Screening,2024-06-22
485,108,Interview,2024-06-28
486,101,Applied,2024-05-29
486,101,Screening,2024-06-03
486,101,Interview,2024-06-06
486,101,Offer,2024-06-12
486,101,Hired,2024-06-19
487,119,Applied,2024-04-07
488,107,Applied,2024-01-09
488,107,Screening,2024-01-15
489,103,Applied,2024-02-18
489,103,Screening,2024-02-20
489,103,Interview,2024-02-25
489,103,Offer,2024-02-29
489,103,Hired,2024-03-05
490,113,Applied,2024-06-25
490,113,Screening,2024-06-28
490,113,Interview,2024-07-03
490,113,Offer,2024-07-09
490,113,Hired,2024-07-15
491,101,Applied,2024-06-29
491,101,Screening,2024-07-02
491,101,Interview,2024-07-08
492,117,Applied,2024-03-24
492,117,Screening,2024-03-31
492,117,Interview,2024-04-05
492,117,Offer,2024-04-11
493,110,Applied,2024-02-14
493,110,Screening,2024-02-19
494,110,Applied,2024-05-19
494,110,Screening,2024-05-23
495,120,Applied,2024-06-26
495,120,Screening,2024-06-30
495,120,Interview,2024-07-06
496,106,Applied,2024-03-04
496,106,Screening,2024-03-08
496,106,Interview,2024-03-14
497,107,Applied,2024-03-17
497,107,Screening,2024-03-21
497,107,Interview,2024-03-28
498,115,Applied,2024-03-22
499,111,Applied,2024-05-23
499,111,Screening,2024-05-30
499,111,Interview,2024-06-03
499,111,Offer,2024-06-07
499,111,Hired,2024-06-09
500,117,Applied,2024-04-07
500,117,Screening,2024-04-12
500,117,Interview,2024-04-16
500,117,Offer,2024-04-19
500,117,Hired,2024-04-23
501,109,Applied,2024-01-21
501,109,Screening,2024-01-25
501,109,Interview,2024-01-30
501,109,Offer,2024-02-06
502,115,Applied,2024-02-24
502,115,Screening,2024-02-27
502,115,Interview,2024-03-04
503,117,Applied,2024-06-27
503,117,Screening,2024-07-01
503,117,Interview,2024-07-04
504,119,Applied,2024-05-30
504,119,Screening,2024-06-02
504,119,Interview,2024-06-05
504,119,Offer,2024-06-07
504,119,Hired,2024-06-14
505,107,Applied,2024-06-12
505,107,Screening,2024-06-15
505,107,Interview,2024-06-17
505,107,Offer,2024-06-19
506,110,Applied,2024-04-30
506,110,Screening,2024-05-02
507,104,Applied,2024-01-02
507,104,Screening,2024-01-08
507,104,Interview,2024-01-11
507,104,Offer,2024-01-16
507,104,Hired,2024-01-23
508,115,Applied,2024-06-15
508,115,Screening,2024-06-18
508,115,Interview,2024-06-22
508,115,Offer,2024-06-26
508,115,Hired,2024-06-30
509,101,Applied,2024-01-23
509,101,Screening,2024-01-30
509,101,Interview,2024-02-05
509,101,Offer,2024-02-08
509,101,Hired,2024-02-14
510,101,Applied,2024-02-14
510,101,Screening,2024-02-19
510,101,Interview,2024-02-22
510,101,Offer,2024-02-24
511,115,Applied,2024-02-17
511,115,Screening,2024-02-24
511,115,Interview,2024-02-28
511,115,Offer,2024-03-01
512,109,Applied,2024-05-25
512,109,Screening,2024-05-31
512,109,Interview,2024-06-02
513,109,Applied,2024-04-26
513,109,Screening,2024-05-03
513,109,Interview,2024-05-09
513,109,Offer,2024-05-15
513,109,Hired,2024-05-20
514,116,Applied,2024-04-29
514,116,Screening,2024-05-03
514,116,Interview,2024-05-06
514,116,Offer,2024-05-08
514,116,Hired,2024-05-12
515,114,Applied,2024-06-14
516,105,Applied,2024-01-04
517,110,Applied,2024-03-16
517,110,Screening,2024-03-22
517,110,Interview,2024-03-29
518,105,Applied,2024-06-05
518,105,Screening,2024-06-12
518,105,Interview,2024-06-17
518,105,Offer,2024-06-22
518,105,Hired,2024-06-28
519,102,Applied,2024-04-12
519,102,Screening,2024-04-19
519,102,Interview,2024-04-21
519,102,Offer,2024-04-24
519,102,Hired,2024-04-27
520,110,Applied,2024-03-04
520,110,Screening,2024-03-06
521,112,Applied,2024-03-01
521,112,Screening,2024-03-06
521,112,Interview,2024-03-10
522,109,Applied,2024-05-29
522,109,Screening,2024-06-05
522,109,Interview,2024-06-11
523,108,Applied,2024-06-16
523,108,Screening,2024-06-20
523,108,Interview,2024-06-27
523,108,Offer,2024-06-30
523,108,Hired,2024-07-02
524,103,Applied,2024-04-29
524,103,Screening,2024-05-03
524,103,Interview,2024-05-06
524,103,Offer,2024-05-11
524,103,Hired,2024-05-18
525,109,Applied,2024-06-25
525,109,Screening,2024-06-27
525,109,Interview,2024-07-04
525,109,Offer,2024-07-08
525,109,Hired,2024-07-12
526,107,Applied,2024-02-26
526,107,Screening,2024-02-29
526,107,Interview,2024-03-05
527,114,Applied,2024-06-04
527,114,Screening,2024-06-08
527,114,Interview,2024-06-13
528,117,Applied,2024-04-30
528,117,Screening,2024-05-06
529,106,Applied,2024-03-04
530,119,Applied,2024-01-21
530,119,Screening,2024-01-27
530,119,Interview,2024-02-01
530,119,Offer,2024-02-07
530,119,Hired,2024-02-14
531,102,Applied,2024-05-24
531,102,Screening,2024-05-26
531,102,Interview,2024-05-28
531,102,Offer,2024-06-03
531,102,Hired,2024-06-09
532,118,Applied,2024-05-17
532,118,Screening,2024-05-20
532,118,Interview,2024-05-23
532,118,Offer,2024-05-27
532,118,Hired,2024-06-02
533,103,Applied,2024-06-23
533,103,Screening,2024-06-26
533,103,Interview,2024-07-03
533,103,Offer,2024-07-09
533,103,Hired,2024-07-14
534,116,Applied,2024-04-24
534,116,Screening,2024-04-26
534,116,Interview,2024-05-01
535,116,Applied,2024-04-16
535,116,Screening,2024-04-21
535,116,Interview,2024-04-27
535,116,Offer,2024-04-29
536,114,Applied,2024-06-21
536,114,Screening,2024-06-25
536,114,Interview,2024-07-02
536,114,Offer,2024-07-04
536,114,Hired,2024-07-09
537,100,Applied,2024-02-25
537,100,Screening,2024-03-02
537,100,Interview,2024-03-04
537,100,Offer,2024-03-06
537,100,Hired,2024-03-11
538,102,Applied,2024-05-18
538,102,Screening,2024-05-20
539,115,Applied,2024-01-09
539,115,Screening,2024-01-13
539,115,Interview,2024-01-18
540,104,Applied,2024-06-13
540,104,Screening,2024-06-20
541,113,Applied,2024-04-05
541,113,Screening,2024-04-10
541,113,Interview,2024-04-15
541,113,Offer,2024-04-20
541,113,Hired,2024-04-25
542,117,Applied,2024-02-04
542,117,Screening,2024-02-11
542,117,Interview,2024-02-15
542,117,Offer,2024-02-17
543,117,Applied,2024-04-10
543,117,Screening,2024-04-16
544,107,Applied,2024-01-01
544,107,Screening,2024-01-03
544,107,Interview,2024-01-07
544,107,Offer,2024-01-12
545,117,Applied,2024-04-18
545,117,Screening,2024-04-24
545,117,Interview,2024-04-29
545,117,Offer,2024-05-02
546,114,Applied,2024-03-29
546,114,Screening,2024-04-01
546,114,Interview,2024-04-05
547,103,Applied,2024-01-09
547,103,Screening,2024-01-16
548,119,Applied,2024-01-05
548,119,Screening,2024-01-08
548,119,Interview,2024-01-11
548,119,Offer,2024-01-13
549,119,Applied,2024-01-09
549,119,Screening,2024-01-14
549,119,Interview,2024-01-20
550,101,Applied,2024-03-03
550,101,Screening,2024-03-10
550,101,Interview,2024-03-12
550,101,Offer,2024-03-17
551,107,Applied,2024-05-18
551,107,Screening,2024-05-21
551,107,Interview,2024-05-23
552,116,Applied,2024-03-15
552,116,Screening,2024-03-18
552,116,Interview,2024-03-25
552,116,Offer,2024-03-31
552,116,Hired,2024-04-04
553,119,Applied,2024-06-21
553,119,Screening,2024-06-25
553,119,Interview,2024-06-28
554,104,Applied,2024-06-18
554,104,Screening,2024-06-24
554,104,Interview,2024-06-27
555,109,Applied,2024-03-11
555,109,Screening,2024-03-13
555,109,Interview,2024-03-19
555,109,Offer,2024-03-25
555,109,Hired,2024-04-01
556,120,Applied,2024-06-22
556,120,Screening,2024-06-27
556,120,Interview,2024-07-03
557,101,Applied,2024-03-29
557,101,Screening,2024-04-05
558,112,Applied,2024-05-14
559,113,Applied,2024-04-14
559,113,Screening,2024-04-17
559,113,Interview,2024-04-21
559,113,Offer,2024-04-26
560,117,Applied,2024-05-01
560,117,Screening,2024-05-04
560,117,Interview,2024-05-07
560,117,Offer,2024-05-11
561,104,Applied,2024-04-28
561,104,Screening,2024-04-30
561,104,Interview,2024-05-06
561,104,Offer,2024-05-11
562,117,Applied,2024-05-15
562,117,Screening,2024-05-18
563,107,Applied,2024-03-06
563,107,Screening,2024-03-09
564,120,Applied,2024-01-21
565,111,Applied,2024-01-24
565,111,Screening,2024-01-30
565,111,Interview,2024-02-06
566,101,Applied,2024-03-09
566,101,Screening,2024-03-14
566,101,Interview,2024-03-21
567,119,Applied,2024-01-11
567,119,Screening,2024-01-13
567,119,Interview,2024-01-16
568,117,Applied,2024-02-25
568,117,Screening,2024-03-01
568,117,Interview,2024-03-04
569,109,Applied,2024-01-04
569,109,Screening,2024-01-07
569,109,Interview,2024-01-10
569,109,Offer,2024-01-17
569,109,Hired,2024-01-19
570,115,Applied,2024-03-03
570,115,Screening,2024-03-10
570,115,Interview,2024-03-16
571,106,Applied,2024-04-11
571,106,Screening,2024-04-14
571,106,Interview,2024-04-20
572,109,Applied,2024-04-07
572,109,Screening,2024-04-12
572,109,Interview,2024-04-18
572,109,Offer,2024-04-25
573,109,Applied,2024-03-07
573,109,Screening,2024-03-11
573,109,Interview,2024-03-17
574,114,Applied,2024-01-26
574,114,Screening,2024-02-02
574,114,Interview,2024-02-07
574,114,Offer,2024-02-11
575,111,Applied,2024-03-21
575,111,Screening,2024-03-26
575,111,Interview,2024-03-28
575,111,Offer,2024-04-03
575,111,Hired,2024-04-06
576,104,Applied,2024-01-05
576,104,Screening,2024-01-09
576,104,Interview,2024-01-15
576,104,Offer,2024-01-21
576,104,Hired,2024-01-27
577,113,Applied,2024-03-16
577,113,Screening,2024-03-19
578,110,Applied,2024-02-28
578,110,Screening,2024-03-04
578,110,Interview,2024-03-10
578,110,Offer,2024-03-13
578,110,Hired,2024-03-18
579,120,Applied,2024-06-24
579,120,Screening,2024-06-28
579,120,Interview,2024-07-02
580,120,Applied,2024-05-05
580,120,Screening,2024-05-10
581,111,Applied,2024-02-13
581,111,Screening,2024-02-16
581,111,Interview,2024-02-23
582,115,Applied,2024-02-17
582,115,Screening,2024-02-23
582,115,Interview,2024-03-01
582,115,Offer,2024-03-03
582,115,Hired,2024-03-09
583,102,Applied,2024-06-20
583,102,Screening,2024-06-22
583,102,Interview,2024-06-24
584,104,Applied,2024-06-10
584,104,Screening,2024-06-13
584,104,Interview,2024-06-15
585,104,Applied,2024-01-03
585,104,Screening,2024-01-06
585,104,Interview,2024-01-12
585,104,Offer,2024-01-17
586,101,Applied,2024-06-07
586,101,Screening,2024-06-14
587,119,Applied,2024-05-03
588,115,Applied,2024-01-05
588,115,Screening,2024-01-07
589,117,Applied,2024-04-15
589,117,Screening,2024-04-17
590,116,Applied,2024-03-11
590,116,Screening,2024-03-17
591,100,Applied,2024-05-08
591,100,Screening,2024-05-15
592,113,Applied,2024-02-15
592,113,Screening,2024-02-17
592,113,Interview,2024-02-19
592,113,Offer,2024-02-25
593,107,Applied,2024-02-19
593,107,Screening,2024-02-25
594,108,Applied,2024-03-31
594,108,Screening,2024-04-04
594,108,Interview,2024-04-09
595,111,Applied,2024-04-13
595,111,Screening,2024-04-18
595,111,Interview,2024-04-24
595,111,Offer,2024-04-27
595,111,Hired,2024-05-04
596,109,Applied,2024-06-24
596,109,Screening,2024-06-26
596,109,Interview,2024-07-03
597,101,Applied,2024-01-24
597,101,Screening,2024-01-29
597,101,Interview,2024-02-03
597,101,Offer,2024-02-08
598,115,Applied,2024-01-15
598,115,Screening,2024-01-22
599,105,Applied,2024-01-22
599,105,Screening,2024-01-27
600,120,Applied,2024-03-25
601,103,Applied,2024-05-15
601,103,Screening,2024-05-17
602,106,Applied,2024-06-26
602,106,Screening,2024-07-02
603,108,Applied,2024-01-12
603,108,Screening,2024-01-14
604,108,Applied,2024-05-19
605,101,Applied,2024-02-15
605,101,Screening,2024-02-19
606,106,Applied,2024-05-30
606,106,Screening,2024-06-02
606,106,Interview,2024-06-09
607,102,Applied,2024-03-17
607,102,Screening,2024-03-20
608,107,Applied,2024-05-25
608,107,Screening,2024-05-30
608,107,Interview,2024-06-06
609,110,Applied,2024-04-08
609,110,Screening,2024-04-15
609,110,Interview,2024-04-18
610,102,Applied,2024-05-08
610,102,Screening,2024-05-15
610,102,Interview,2024-05-19
610,102,Offer,2024-05-21
611,113,Applied,2024-02-29
612,110,Applied,2024-06-03
612,110,Screening,2024-06-09
612,110,Interview,2024-06-15
612,110,Offer,2024-06-20
613,100,Applied,2024-06-11
613,100,Screening,2024-06-15
613,100,Interview,2024-06-20
613,100,Offer,2024-06-25
614,111,Applied,2024-05-21
615,113,Applied,2024-02-17
615,113,Screening,2024-02-24
615,113,Interview,2024-03-01
615,113,Offer,2024-03-08
615,113,Hired,2024-03-13
616,119,Applied,2024-03-16
616,119,Screening,2024-03-19
616,119,Interview,2024-03-26
616,119,Offer,2024-03-28
616,119,Hired,2024-03-30
617,104,Applied,2024-04-07
618,120,Applied,2024-02-09
618,120,Screening,2024-02-16
619,110,Applied,2024-04-02
619,110,Screening,2024-04-04
619,110,Interview,2024-04-06
619,110,Offer,2024-04-08
619,110,Hired,2024-04-12
620,111,Applied,2024-03-10
620,111,Screening,2024-03-12
620,111,Interview,2024-03-15
620,111,Offer,2024-03-17
621,113,Applied,2024-04-24
621,113,Screening,2024-04-30
622,116,Applied,2024-04-14
622,116,Screening,2024-04-16
623,102,Applied,2024-03-31
623,102,Screening,2024-04-06
623,102,Interview,2024-04-08
624,119,Applied,2024-03-24
624,119,Screening,2024-03-29
624,119,Interview,2024-03-31
625,113,Applied,2024-04-09
625,113,Screening,2024-04-11
625,113,Interview,2024-04-18
625,113,Offer,2024-04-24
626,118,Applied,2024-05-13
626,118,Screening,2024-05-16
626,118,Interview,2024-05-23
627,105,Applied,2024-02-05
627,105,Screening,2024-02-09
627,105,Interview,2024-02-13
628,115,Applied,2024-02-07
628,115,Screening,2024-02-09
628,115,Interview,2024-02-12
628,115,Offer,2024-02-17
629,113,Applied,2024-03-17
630,102,Applied,2024-04-02
630,102,Screening,2024-04-06
631,120,Applied,2024-05-06
631,120,Screening,2024-05-12
631,120,Interview,2024-05-18
631,120,Offer,2024-05-21
632,103,Applied,2024-02-04
632,103,Screening,2024-02-08
632,103,Interview,2024-02-10
632,103,Offer,2024-02-15
632,103,Hired,2024-02-19
633,112,Applied,2024-03-25
633,112,Screening,2024-03-30
633,112,Interview,2024-04-03
634,120,Applied,2024-06-01
634,120,Screening,2024-06-04
634,120,Interview,2024-06-08
635,119,Applied,2024-06-26
635,119,Screening,2024-06-29
636,110,Applied,2024-02-15
636,110,Screening,2024-02-20
636,110,Interview,2024-02-24
637,120,Applied,2024-05-05
637,120,Screening,2024-05-11
637,120,Interview,2024-05-14
638,112,Applied,2024-03-12
638,112,Screening,2024-03-17
639,103,Applied,2024-05-24
639,103,Screening,2024-05-27
640,117,Applied,2024-02-16
640,117,Screening,2024-02-23
640,117,Interview,2024-02-29
641,114,Applied,2024-02-23
642,109,Applied,2024-06-26
642,109,Screening,2024-06-28
642,109,Interview,2024-07-03
643,115,Applied,2024-02-05
643,115,Screening,2024-02-12
644,107,Applied,2024-03-05
644,107,Screening,2024-03-12
644,107,Interview,2024-03-15
645,113,Applied,2024-04-06
645,113,Screening,2024-04-08
646,119,Applied,2024-05-02
646,119,Screening,2024-05-08
646,119,Interview,2024-05-13
646,119,Offer,2024-05-19
646,119,Hired,2024-05-25
647,113,Applied,2024-05-19
647,113,Screening,2024-05-21
647,113,Interview,2024-05-25
648,117,Applied,2024-06-01
648,117,Screening,2024-06-08
648,117,Interview,2024-06-10
648,117,Offer,2024-06-12
649,111,Applied,2024-02-12
649,111,Screening,2024-02-19
649,111,Interview,2024-02-25
649,111,Offer,2024-02-27
650,120,Applied,2024-06-22
650,120,Screening,2024-06-29
650,120,Interview,2024-07-04
651,113,Applied,2024-01-28
652,103,Applied,2024-03-07
652,103,Screening,2024-03-10
652,103,Interview,2024-03-16
653,116,Applied,2024-05-22
653,116,Screening,2024-05-28
653,116,Interview,2024-06-04
654,107,Applied,2024-04-24
654,107,Screening,2024-04-28
654,107,Interview,2024-05-03
654,107,Offer,2024-05-08
655,118,Applied,2024-06-25
655,118,Screening,2024-07-01
655,118,Interview,2024-07-04
656,100,Applied,2024-05-03
656,100,Screening,2024-05-05
657,113,Applied,2024-01-22
657,113,Screening,2024-01-24
658,104,Applied,2024-03-30
658,104,Screening,2024-04-03
658,104,Interview,2024-04-07
659,106,Applied,2024-05-13
659,106,Screening,2024-05-18
659,106,Interview,2024-05-22
659,106,Offer,2024-05-27
660,114,Applied,2024-06-27
660,114,Screening,2024-07-02
660,114,Interview,2024-07-06
661,109,Applied,2024-01-12
661,109,Screening,2024-01-19
661,109,Interview,2024-01-21
662,110,Applied,2024-06-14
662,110,Screening,2024-06-16
662,110,Interview,2024-06-23
662,110,Offer,2024-06-26
662,110,Hired,2024-07-03
663,116,Applied,2024-02-14
663,116,Screening,2024-02-20
663,116,Interview,2024-02-23
663,116,Offer,2024-02-27
664,113,Applied,2024-04-28
664,113,Screening,2024-05-01
665,120,Applied,2024-02-17
665,120,Screening,2024-02-20
666,113,Applied,2024-04-11
666,113,Screening,2024-04-13
667,119,Applied,2024-02-20
667,119,Screening,2024-02-25
668,113,Applied,2024-04-09
668,113,Screening,2024-04-11
669,106,Applied,2024-02-22
669,106,Screening,2024-02-26
670,102,Applied,2024-05-27
670,102,Screening,2024-05-29
671,105,Applied,2024-04-03
671,105,Screening,2024-04-07
672,114,Applied,2024-01-30
672,114,Screening,2024-02-03
672,114,Interview,2024-02-10
672,114,Offer,2024-02-15
672,114,Hired,2024-02-21
673,110,Applied,2024-06-01
674,119,Applied,2024-04-10
674,119,Screening,2024-04-16
674,119,Interview,2024-04-18
675,111,Applied,2024-04-27
675,111,Screening,2024-05-03
675,111,Interview,2024-05-06
676,109,Applied,2024-06-06
676,109,Screening,2024-06-12
676,109,Interview,2024-06-14
676,109,Offer,2024-06-21
676,109,Hired,2024-06-24
677,103,Applied,2024-03-02
677,103,Screening,2024-03-06
678,105,Applied,2024-04-05
678,105,Screening,2024-04-12
678,105,Interview,2024-04-15
679,112,Applied,2024-04-17
679,112,Screening,2024-04-23
679,112,Interview,2024-04-26
679,112,Offer,2024-05-02
679,112,Hired,2024-05-07
680,105,Applied,2024-05-04
680,105,Screening,2024-05-11
680,105,Interview,2024-05-17
680,105,Offer,2024-05-24
680,105,Hired,2024-05-31
681,117,Applied,2024-02-12
681,117,Screening,2024-02-17
681,117,Interview,2024-02-21
681,117,Offer,2024-02-24
681,117,Hired,2024-02-27
682,114,Applied,2024-06-07
682,114,Screening,2024-06-09
683,100,Applied,2024-05-04
683,100,Screening,2024-05-07
684,112,Applied,2024-05-23
684,112,Screening,2024-05-29
684,112,Interview,2024-06-05
684,112,Offer,2024-06-10
685,115,Applied,2024-04-16
685,115,Screening,2024-04-23
685,115,Interview,2024-04-28
685,115,Offer,2024-05-03
685,115,Hired,2024-05-06
686,118,Applied,2024-01-08
686,118,Screening,2024-01-11
686,118,Interview,2024-01-15
687,108,Applied,2024-02-27
687,108,Screening,2024-03-04
687,108,Interview,2024-03-08
688,114,Applied,2024-05-24
688,114,Screening,2024-05-31
689,117,Applied,2024-05-10
689,117,Screening,2024-05-12
689,117,Interview,2024-05-18
689,117,Offer,2024-05-20
690,117,Applied,2024-04-03
690,117,Screening,2024-04-09
691,114,Applied,2024-05-19
691,114,Screening,2024-05-22
691,114,Interview,2024-05-27
692,120,Applied,2024-03-04
692,120,Screening,2024-03-08
692,120,Interview,2024-03-10
693,108,Applied,2024-03-30
693,108,Screening,2024-04-01
693,108,Interview,2024-04-06
694,107,Applied,2024-02-23
694,107,Screening,2024-03-01
695,111,Applied,2024-06-05
695,111,Screening,2024-06-12
696,105,Applied,2024-06-06
696,105,Screening,2024-06-09
696,105,Interview,2024-06-12
696,105,Offer,2024-06-15
697,118,Applied,2024-03-30
697,118,Screening,2024-04-05
698,119,Applied,2024-05-17
698,119,Screening,2024-05-20
698,119,Interview,2024-05-24
699,109,Applied,2024-03-15
699,109,Screening,2024-03-21
700,116,Applied,2024-06-22
700,116,Screening,2024-06-24
700,116,Interview,2024-06-27
701,101,Applied,2024-03-11
701,101,Screening,2024-03-18
701,101,Interview,2024-03-21
702,104,Applied,2024-03-04
703,110,Applied,2024-03-04
703,110,Screening,2024-03-11
703,110,Interview,2024-03-16
704,104,Applied,2024-05-27
704,104,Screening,2024-06-03
705,120,Applied,2024-04-16
706,114,Applied,2024-01-20
706,114,Screening,2024-01-27
706,114,Interview,2024-01-29
706,114,Offer,2024-02-03
706,114,Hired,2024-02-09
707,108,Applied,2024-06-26
707,108,Screening,2024-06-30
707,108,Interview,2024-07-05
708,110,Applied,2024-05-28
708,110,Screening,2024-05-30
708,110,Interview,2024-06-06
708,110,Offer,2024-06-08
708,110,Hired,2024-06-15
709,120,Applied,2024-06-19
709,120,Screening,2024-06-26
710,102,Applied,2024-05-16
710,102,Screening,2024-05-21
710,102,Interview,2024-05-24
710,102,Offer,2024-05-29
711,115,Applied,2024-03-09
711,115,Screening,2024-03-13
711,115,Interview,2024-03-17
711,115,Offer,2024-03-21
712,118,Applied,2024-02-03
712,118,Screening,2024-02-09
712,118,Interview,2024-02-14
713,101,Applied,2024-01-12
713,101,Screening,2024-01-14
713,101,Interview,2024-01-21
714,100,Applied,2024-02-01
714,100,Screening,2024-02-04
714,100,Interview,2024-02-09
715,100,Applied,2024-04-19
715,100,Screening,2024-04-22
715,100,Interview,2024-04-29
716,120,Applied,2024-03-18
716,120,Screening,2024-03-21
716,120,Interview,2024-03-25
716,120,Offer,2024-03-27
716,120,Hired,2024-04-03
717,108,Applied,2024-01-22
717,108,Screening,2024-01-26
717,108,Interview,2024-02-02
717,108,Offer,2024-02-09
717,108,Hired,2024-02-12
718,112,Applied,2024-06-09
718,112,Screening,2024-06-13
718,112,Interview,2024-06-20
718,112,Offer,2024-06-27
718,112,Hired,2024-06-30
719,120,Applied,2024-01-24
719,120,Screening,2024-01-31
720,100,Applied,2024-02-24
720,100,Screening,2024-02-29
720,100,Interview,2024-03-02
720,100,Offer,2024-03-05
721,107,Applied,2024-05-12
721,107,Screening,2024-05-19
721,107,Interview,2024-05-24
721,107,Offer,2024-05-26
721,107,Hired,2024-05-28
722,110,Applied,2024-01-31
722,110,Screening,2024-02-05
723,104,Applied,2024-05-02
724,107,Applied,2024-04-08
724,107,Screening,2024-04-10
724,107,Interview,2024-04-17
724,107,Offer,2024-04-19
725,110,Applied,2024-04-04
725,110,Screening,2024-04-08
725,110,Interview,2024-04-11
726,104,Applied,2024-06-13
726,104,Screening,2024-06-20
726,104,Interview,2024-06-23
726,104,Offer,2024-06-25
726,104,Hired,2024-07-01
727,100,Applied,2024-06-05
727,100,Screening,2024-06-12
728,114,Applied,2024-03-30
728,114,Screening,2024-04-06
728,114,Interview,2024-04-09
728,114,Offer,2024-04-16
729,104,Applied,2024-04-15
729,104,Screening,2024-04-21
730,114,Applied,2024-02-25
730,114,Screening,2024-02-27
731,104,Applied,2024-02-01
731,104,Screening,2024-02-07
732,112,Applied,2024-03-30
732,112,Screening,2024-04-04
732,112,Interview,2024-04-08
732,112,Offer,2024-04-11
732,112,Hired,2024-04-14
733,120,Applied,2024-01-22
733,120,Screening,2024-01-25
733,120,Interview,2024-01-31
733,120,Offer,2024-02-06
734,119,Applied,2024-03-13
734,119,Screening,2024-03-20
734,119,Interview,2024-03-22
735,109,Applied,2024-02-22
735,109,Screening,2024-02-28
735,109,Interview,2024-03-05
736,106,Applied,2024-04-10
736,106,Screening,2024-04-14
736,106,Interview,2024-04-21
736,106,Offer,2024-04-23
736,106,Hired,2024-04-26
737,112,Applied,2024-01-29
737,112,Screening,2024-02-01
737,112,Interview,2024-02-06
738,119,Applied,2024-01-19
738,119,Screening,2024-01-25
738,119,Interview,2024-01-27
738,119,Offer,2024-01-31
738,119,Hired,2024-02-04
739,112,Applied,2024-05-25
739,112,Screening,2024-05-30
739,112,Interview,2024-06-03
740,105,Applied,2024-04-30
740,105,Screening,2024-05-02
740,105,Interview,2024-05-04
741,102,Applied,2024-01-04
741,102,Screening,2024-01-08
741,102,Interview,2024-01-11
742,101,Applied,2024-04-11
742,101,Screening,2024-04-17
742,101,Interview,2024-04-21
743,116,Applied,2024-04-16
743,116,Screening,2024-04-21
743,116,Interview,2024-04-28
743,116,Offer,2024-05-03
744,120,Applied,2024-05-17
744,120,Screening,2024-05-23
744,120,Interview,2024-05-29
745,108,Applied,2024-01-22
745,108,Screening,2024-01-26
746,116,Applied,2024-02-22
746,116,Screening,2024-02-25
746,116,Interview,2024-03-02
746,116,Offer,2024-03-06
746,116,Hired,2024-03-11
747,120,Applied,2024-06-15
747,120,Screening,2024-06-22
747,120,Interview,2024-06-29
748,109,Applied,2024-06-27
748,109,Screening,2024-07-02
748,109,Interview,2024-07-09
749,101,Applied,2024-03-03
749,101,Screening,2024-03-05
749,101,Interview,2024-03-10
749,101,Offer,2024-03-12
749,101,Hired,2024-03-17
750,119,Applied,2024-01-15
750,119,Screening,2024-01-19
750,119,Interview,2024-01-26
750,119,Offer,2024-02-02
751,105,Applied,2024-01-31
751,105,Screening,2024-02-02
752,104,Applied,2024-06-28
752,104,Screening,2024-06-30
752,104,Interview,2024-07-03
752,104,Offer,2024-07-08
752,104,Hired,2024-07-12
753,116,Applied,2024-03-07
753,116,Screening,2024-03-10
753,116,Interview,2024-03-14
753,116,Offer,2024-03-17
754,108,Applied,2024-01-31
754,108,Screening,2024-02-02
754,108,Interview,2024-02-06
755,108,Applied,2024-05-14
755,108,Screening,2024-05-16
756,118,Applied,2024-06-09
756,118,Screening,2024-06-11
756,118,Interview,2024-06-16
756,118,Offer,2024-06-21
757,111,Applied,2024-01-15
757,111,Screening,2024-01-20
757,111,Interview,2024-01-26
757,111,Offer,2024-01-29
758,105,Applied,2024-03-06
758,105,Screening,2024-03-08
758,105,Interview,2024-03-14
759,103,Applied,2024-02-28
759,103,Screening,2024-03-06
759,103,Interview,2024-03-12
759,103,Offer,2024-03-14
759,103,Hired,2024-03-16
760,107,Applied,2024-01-12
760,107,Screening,2024-01-17
760,107,Interview,2024-01-21
760,107,Offer,2024-01-26
761,105,Applied,2024-01-10
761,105,Screening,2024-01-16
762,120,Applied,2024-04-17
762,120,Screening,2024-04-20
762,120,Interview,2024-04-24
763,113,Applied,2024-03-22
763,113,Screening,2024-03-26
764,118,Applied,2024-04-05
764,118,Screening,2024-04-07
764,118,Interview,2024-04-13
764,118,Offer,2024-04-20
765,105,Applied,2024-02-27
766,101,Applied,2024-04-12
766,101,Screening,2024-04-14
766,101,Interview,2024-04-19
767,109,Applied,2024-03-24
767,109,Screening,2024-03-26
767,109,Interview,2024-04-01
767,109,Offer,2024-04-06
768,111,Applied,2024-02-21
768,111,Screening,2024-02-25
768,111,Interview,2024-03-02
768,111,Offer,2024-03-06
768,111,Hired,2024-03-13
769,107,Applied,2024-04-28
769,107,Screening,2024-05-02
769,107,Interview,2024-05-08
770,106,Applied,2024-05-19
770,106,Screening,2024-05-22
770,106,Interview,2024-05-25
770,106,Offer,2024-05-27
770,106,Hired,2024-06-01
771,107,Applied,2024-05-18
771,107,Screening,2024-05-22
772,100,Applied,2024-03-26
772,100,Screening,2024-03-28
772,100,Interview,2024-04-04
772,100,Offer,2024-04-09
772,100,Hired,2024-04-16
773,109,Applied,2024-01-27
773,109,Screening,2024-01-30
774,107,Applied,2024-04-17
774,107,Screening,2024-04-22
774,107,Interview,2024-04-24
775,108,Applied,2024-01-24
775,108,Screening,2024-01-26
775,108,Interview,2024-01-29
775,108,Offer,2024-02-04
776,111,Applied,2024-04-27
776,111,Screening,2024-05-04
777,118,Applied,2024-01-25
777,118,Screening,2024-01-31
778,120,Applied,2024-04-10
778,120,Screening,2024-04-12
778,120,Interview,2024-04-18
778,120,Offer,2024-04-24
779,113,Applied,2024-06-18
779,113,Screening,2024-06-21
779,113,Interview,2024-06-24
779,113,Offer,2024-06-28
780,110,Applied,2024-04-10
780,110,Screening,2024-04-17
780,110,Interview,2024-04-24
780,110,Offer,2024-04-28
781,114,Applied,2024-03-10
781,114,Screening,2024-03-13
781,114,Interview,2024-03-15
781,114,Offer,2024-03-18
782,118,Applied,2024-01-28
782,118,Screening,2024-01-31
782,118,Interview,2024-02-02
783,114,Applied,2024-04-29
783,114,Screening,2024-05-03
784,103,Applied,2024-05-17
784,103,Screening,2024-05-21
784,103,Interview,2024-05-24
785,109,Applied,2024-04-28
785,109,Screening,2024-05-02
786,102,Applied,2024-02-10
786,102,Screening,2024-02-17
786,102,Interview,2024-02-21
786,102,Offer,2024-02-28
786,102,Hired,2024-03-06
787,101,Applied,2024-02-25
787,101,Screening,2024-02-29
787,101,Interview,2024-03-03
788,107,Applied,2024-04-01
788,107,Screening,2024-04-06
788,107,Interview,2024-04-12
789,109,Applied,2024-03-07
789,109,Screening,2024-03-10
789,109,Interview,2024-03-12
790,114,Applied,2024-05-22
790,114,Screening,2024-05-29
790,114,Interview,2024-06-04
790,114,Offer,2024-06-07
790,114,Hired,2024-06-09
791,103,Applied,2024-02-05
791,103,Screening,2024-02-07
792,101,Applied,2024-02-26
792,101,Screening,2024-02-29
792,101,Interview,2024-03-03
793,111,Applied,2024-06-24
793,111,Screening,2024-07-01
793,111,Interview,2024-07-08
794,118,Applied,2024-05-30
794,118,Screening,2024-06-03
794,118,Interview,2024-06-05
794,118,Offer,2024-06-07
795,106,Applied,2024-06-14
796,104,Applied,2024-01-24
796,104,Screening,2024-01-28
796,104,Interview,2024-01-30
796,104,Offer,2024-02-01
796,104,Hired,2024-02-06
797,105,Applied,2024-05-26
797,105,Screening,2024-05-31
797,105,Interview,2024-06-07
797,105,Offer,2024-06-12
797,105,Hired,2024-06-17
798,112,Applied,2024-06-23
798,112,Screening,2024-06-28
798,112,Interview,2024-07-01
799,106,Applied,2024-02-17
799,106,Screening,2024-02-21
799,106,Interview,2024-02-25
799,106,Offer,2024-03-01
800,101,Applied,2024-06-06
800,101,Screening,2024-06-12
800,101,Interview,2024-06-18
800,101,Offer,2024-06-21
800,101,Hired,2024-06-28
801,115,Applied,2024-04-15
801,115,Screening,2024-04-21
801,115,Interview,2024-04-26
801,115,Offer,2024-04-28
802,108,Applied,2024-04-08
802,108,Screening,2024-04-11
803,106,Applied,2024-06-13
803,106,Screening,2024-06-19
803,106,Interview,2024-06-22
804,117,Applied,2024-01-05
804,117,Screening,2024-01-10
804,117,Interview,2024-01-17
804,117,Offer,2024-01-21
805,117,Applied,2024-05-04
805,117,Screening,2024-05-08
805,117,Interview,2024-05-14
806,110,Applied,2024-04-09
806,110,Screening,2024-04-13
806,110,Interview,2024-04-16
806,110,Offer,2024-04-18
807,119,Applied,2024-02-26
807,119,Screening,2024-02-28
807,119,Interview,2024-03-03
807,119,Offer,2024-03-05
807,119,Hired,2024-03-10
808,111,Applied,2024-05-29
808,111,Screening,2024-06-01
808,111,Interview,2024-06-04
808,111,Offer,2024-06-06
808,111,Hired,2024-06-09
809,107,Applied,2024-03-09
809,107,Screening,2024-03-15
809,107,Interview,2024-03-22
810,107,Applied,2024-05-27
810,107,Screening,2024-06-01
811,105,Applied,2024-02-15
811,105,Screening,2024-02-18
811,105,Interview,2024-02-24
811,105,Offer,2024-02-28
811,105,Hired,2024-03-06
812,111,Applied,2024-05-31
812,111,Screening,2024-06-02
812,111,Interview,2024-06-09
812,111,Offer,2024-06-16
812,111,Hired,2024-06-20
813,118,Applied,2024-02-06
813,118,Screening,2024-02-12
814,115,Applied,2024-05-18
814,115,Screening,2024-05-22
814,115,Interview,2024-05-25
814,115,Offer,2024-05-30
814,115,Hired,2024-06-01
815,101,Applied,2024-02-29
815,101,Screening,2024-03-06
815,101,Interview,2024-03-09
815,101,Offer,2024-03-11
815,101,Hired,2024-03-17
816,100,Applied,2024-03-25
816,100,Screening,2024-03-31
816,100,Interview,2024-04-03
817,110,Applied,2024-02-15
817,110,Screening,2024-02-19
817,110,Interview,2024-02-21
818,104,Applied,2024-05-30
818,104,Screening,2024-06-06
818,104,Interview,2024-06-09
819,116,Applied,2024-04-03
820,111,Applied,2024-06-29
820,111,Screening,2024-07-06
820,111,Interview,2024-07-11
821,103,Applied,2024-03-27
821,103,Screening,2024-03-31
821,103,Interview,2024-04-04
821,103,Offer,2024-04-07
821,103,Hired,2024-04-10
822,113,Applied,2024-06-12
823,120,Applied,2024-03-22
823,120,Screening,2024-03-25
823,120,Interview,2024-04-01
824,119,Applied,2024-04-01
824,119,Screening,2024-04-04
824,119,Interview,2024-04-11
825,105,Applied,2024-04-06
825,105,Screening,2024-04-10
825,105,Interview,2024-04-17
826,109,Applied,2024-02-02
826,109,Screening,2024-02-05
826,109,Interview,2024-02-12
826,109,Offer,2024-02-14
826,109,Hired,2024-02-21
827,112,Applied,2024-05-25
827,112,Screening,2024-05-27
827,112,Interview,2024-05-30
828,110,Applied,2024-06-05
828,110,Screening,2024-06-08
828,110,Interview,2024-06-15
829,103,Applied,2024-05-07
829,103,Screening,2024-05-10
829,103,Interview,2024-05-14
829,103,Offer,2024-05-21
830,107,Applied,2024-03-29
830,107,Screening,2024-04-02
830,107,Interview,2024-04-05
831,102,Applied,2024-06-20
831,102,Screening,2024-06-27
832,110,Applied,2024-04-24
832,110,Screening,2024-04-26
832,110,Interview,2024-04-30
833,107,Applied,2024-06-26
833,107,Screening,2024-06-28
834,108,Applied,2024-01-28
834,108,Screening,2024-02-04
835,101,Applied,2024-04-08
835,101,Screening,2024-04-13
835,101,Interview,2024-04-20
836,105,Applied,2024-04-15
836,105,Screening,2024-04-20
836,105,Interview,2024-04-25
837,117,Applied,2024-04-06
837,117,Screening,2024-04-08
837,117,Interview,2024-04-13
837,117,Offer,2024-04-19
837,117,Hired,2024-04-26
838,107,Applied,2024-02-11
838,107,Screening,2024-02-16
838,107,Interview,2024-02-18
839,109,Applied,2024-01-06
839,109,Screening,2024-01-10
839,109,Interview,2024-01-14
840,102,Applied,2024-03-28
840,102,Screening,2024-03-31
840,102,Interview,2024-04-05
840,102,Offer,2024-04-08
841,102,Applied,2024-05-20
842,110,Applied,2024-06-01
842,110,Screening,2024-06-07
842,110,Interview,2024-06-12
842,110,Offer,2024-06-19
843,113,Applied,2024-06-16
843,113,Screening,2024-06-19
844,113,Applied,2024-02-10
844,113,Screening,2024-02-12
844,113,Interview,2024-02-14
844,113,Offer,2024-02-18
844,113,Hired,2024-02-21
845,113,Applied,2024-06-27
845,113,Screening,2024-07-03
846,117,Applied,2024-03-08
846,117,Screening,2024-03-15
846,117,Interview,2024-03-19
847,107,Applied,2024-01-25
848,112,Applied,2024-05-26
848,112,Screening,2024-06-01
848,112,Interview,2024-06-06
848,112,Offer,2024-06-09
848,112,Hired,2024-06-11
849,100,Applied,2024-04-19
849,100,Screening,2024-04-21
849,100,Interview,2024-04-25
850,120,Applied,2024-06-02
850,120,Screening,2024-06-07
850,120,Interview,2024-06-10
851,100,Applied,2024-02-22
852,120,Applied,2024-03-15
852,120,Screening,2024-03-17
852,120,Interview,2024-03-22
852,120,Offer,2024-03-24
853,112,Applied,2024-04-30
853,112,Screening,2024-05-05
854,108,Applied,2024-01-24
854,108,Screening,2024-01-31
854,108,Interview,2024-02-06
854,108,Offer,2024-02-11
854,108,Hired,2024-02-14
855,112,Applied,2024-04-04
855,112,Screening,2024-04-07
856,101,Applied,2024-03-08
856,101,Screening,2024-03-13
857,108,Applied,2024-02-27
858,118,Applied,2024-01-16
858,118,Screening,2024-01-19
858,118,Interview,2024-01-26
859,103,Applied,2024-01-22
859,103,Screening,2024-01-29
859,103,Interview,2024-02-02
860,113,Applied,2024-05-30
861,117,Applied,2024-01-16
861,117,Screening,2024-01-21
861,117,Interview,2024-01-27
861,117,Offer,2024-02-01
862,115,Applied,2024-05-26
862,115,Screening,2024-05-29
862,115,Interview,2024-06-03
863,102,Applied,2024-04-11
863,102,Screening,2024-04-18
863,102,Interview,2024-04-20
864,118,Applied,2024-05-12
864,118,Screening,2024-05-18
864,118,Interview,2024-05-25
865,104,Applied,2024-01-31
865,104,Screening,2024-02-05
865,104,Interview,2024-02-08
866,106,Applied,2024-02-19
866,106,Screening,2024-02-22
866,106,Interview,2024-02-24
867,102,Applied,2024-06-23
867,102,Screening,2024-06-28
868,120,Applied,2024-02-07
868,120,Screening,2024-02-13
869,110,Applied,2024-01-18
869,110,Screening,2024-01-20
869,110,Interview,2024-01-25
869,110,Offer,2024-01-31
869,110,Hired,2024-02-05
870,110,Applied,2024-03-11
870,110,Screening,2024-03-17
870,110,Interview,2024-03-22
870,110,Offer,2024-03-24
870,110,Hired,2024-03-31
871,118,Applied,2024-05-13
871,118,Screening,2024-05-18
871,118,Interview,2024-05-20
872,104,Applied,2024-02-07
872,104,Screening,2024-02-13
873,118,Applied,2024-01-26
873,118,Screening,2024-01-28
873,118,Interview,2024-02-03
873,118,Offer,2024-02-05
874,117,Applied,2024-03-29
874,117,Screening,2024-04-03
874,117,Interview,2024-04-07
875,120,Applied,2024-05-04
876,119,Applied,2024-05-01
876,119,Screening,2024-05-03
877,108,Applied,2024-04-13
877,108,Screening,2024-04-16
877,108,Interview,2024-04-22
877,108,Offer,2024-04-28
878,112,Applied,2024-01-10
878,112,Screening,2024-01-15
878,112,Interview,2024-01-19
878,112,Offer,2024-01-26
879,101,Applied,2024-05-01
880,111,Applied,2024-01-06
880,111,Screening,2024-01-10
881,109,Applied,2024-03-12
881,109,Screening,2024-03-17
882,103,Applied,2024-02-28
882,103,Screening,2024-03-02
882,103,Interview,2024-03-06
882,103,Offer,2024-03-13
883,110,Applied,2024-03-09
884,113,Applied,2024-06-03
884,113,Screening,2024-06-10
885,106,Applied,2024-04-23
885,106,Screening,2024-04-26
885,106,Interview,2024-05-01
885,106,Offer,2024-05-08
886,116,Applied,2024-04-05
886,116,Screening,2024-04-07
887,105,Applied,2024-01-17
887,105,Screening,2024-01-21
887,105,Interview,2024-01-28
887,105,Offer,2024-02-03
888,104,Applied,2024-05-14
888,104,Screening,2024-05-20
889,105,Applied,2024-02-19
890,101,Applied,2024-03-04
890,101,Screening,2024-03-06
891,101,Applied,2024-04-02
891,101,Screening,2024-04-09
891,101,Interview,2024-04-12
891,101,Offer,2024-04-16
892,114,Applied,2024-05-09
892,114,Screening,2024-05-14
892,114,Interview,2024-05-21
892,114,Offer,2024-05-23
892,114,Hired,2024-05-30
893,107,Applied,2024-04-05
893,107,Screening,2024-04-10
893,107,Interview,2024-04-16
893,107,Offer,2024-04-21
893,107,Hired,2024-04-24
894,118,Applied,2024-05-21
894,118,Screening,2024-05-25
894,118,Interview,2024-05-29
895,108,Applied,2024-06-25
895,108,Screening,2024-06-27
895,108,Interview,2024-07-01
895,108,Offer,2024-07-03
896,101,Applied,2024-02-11
896,101,Screening,2024-02-17
897,107,Applied,2024-06-14
897,107,Screening,2024-06-17
898,106,Applied,2024-03-09
898,106,Screening,2024-03-16
898,106,Interview,2024-03-21
898,106,Offer,2024-03-27
898,106,Hired,2024-03-29
899,100,Applied,2024-05-01
900,120,Applied,2024-02-14
901,100,Applied,2024-02-27
901,100,Screening,2024-03-02
902,109,Applied,2024-06-13
903,113,Applied,2024-04-06
903,113,Screening,2024-04-10
904,108,Applied,2024-02-25
904,108,Screening,2024-03-01
904,108,Interview,2024-03-05
905,116,Applied,2024-06-08
905,116,Screening,2024-06-13
905,116,Interview,2024-06-19
906,100,Applied,2024-05-10
906,100,Screening,2024-05-17
906,100,Interview,2024-05-21
906,100,Offer,2024-05-27
906,100,Hired,2024-06-03
907,119,Applied,2024-03-13
907,119,Screening,2024-03-17
907,119,Interview,2024-03-24
907,119,Offer,2024-03-26
907,119,Hired,2024-03-31
908,110,Applied,2024-03-11
908,110,Screening,2024-03-18
908,110,Interview,2024-03-22
909,108,Applied,2024-06-16
909,108,Screening,2024-06-23
910,109,Applied,2024-02-18
910,109,Screening,2024-02-21
910,109,Interview,2024-02-27
911,101,Applied,2024-06-02
911,101,Screening,2024-06-07
911,101,Interview,2024-06-14
912,104,Applied,2024-01-07
912,104,Screening,2024-01-14
913,109,Applied,2024-03-07
913,109,Screening,2024-03-12
913,109,Interview,2024-03-17
913,109,Offer,2024-03-22
914,101,Applied,2024-05-29
914,101,Screening,2024-06-05
914,101,Interview,2024-06-11
915,110,Applied,2024-02-26
915,110,Screening,2024-03-04
915,110,Interview,2024-03-10
916,115,Applied,2024-06-20
916,115,Screening,2024-06-24
916,115,Interview,2024-06-30
917,105,Applied,2024-06-17
917,105,Screening,2024-06-23
918,109,Applied,2024-01-25
918,109,Screening,2024-01-30
918,109,Interview,2024-02-02
918,109,Offer,2024-02-09
918,109,Hired,2024-02-13
919,117,Applied,2024-02-16
919,117,Screening,2024-02-23
919,117,Interview,2024-02-27
919,117,Offer,2024-03-05
920,107,Applied,2024-03-31
920,107,Screening,2024-04-03
921,109,Applied,2024-04-17
921,109,Screening,2024-04-21
921,109,Interview,2024-04-25
921,109,Offer,2024-04-29
921,109,Hired,2024-05-05
922,114,Applied,2024-01-31
922,114,Screening,2024-02-05
922,114,Interview,2024-02-07
923,118,Applied,2024-05-28
923,118,Screening,2024-06-03
923,118,Interview,2024-06-05
923,118,Offer,2024-06-10
923,118,Hired,2024-06-13
924,103,Applied,2024-06-23
924,103,Screening,2024-06-28
924,103,Interview,2024-07-04
924,103,Offer,2024-07-08
925,101,Applied,2024-02-08
925,101,Screening,2024-02-11
925,101,Interview,2024-02-14
926,113,Applied,2024-05-25
927,104,Applied,2024-03-21
927,104,Screening,2024-03-28
928,102,Applied,2024-05-04
928,102,Screening,2024-05-08
928,102,Interview,2024-05-15
929,110,Applied,2024-06-11
929,110,Screening,2024-06-13
929,110,Interview,2024-06-15
929,110,Offer,2024-06-20
930,106,Applied,2024-02-13
930,106,Screening,2024-02-19
931,115,Applied,2024-01-23
931,115,Screening,2024-01-26
932,113,Applied,2024-06-11
932,113,Screening,2024-06-16
932,113,Interview,2024-06-21
932,113,Offer,2024-06-26
932,113,Hired,2024-07-01
933,100,Applied,2024-01-10
933,100,Screening,2024-01-16
933,100,Interview,2024-01-19
933,100,Offer,2024-01-26
933,100,Hired,2024-01-30
934,110,Applied,2024-05-15
934,110,Screening,2024-05-18
934,110,Interview,2024-05-20
935,100,Applied,2024-06-09
935,100,Screening,2024-06-16
936,107,Applied,2024-06-26
936,107,Screening,2024-06-30
937,104,Applied,2024-01-27
938,116,Applied,2024-05-30
938,116,Screening,2024-06-03
938,116,Interview,2024-06-06
938,116,Offer,2024-06-08
938,116,Hired,2024-06-10
939,109,Applied,2024-04-26
939,109,Screening,2024-05-03
940,119,Applied,2024-05-14
940,119,Screening,2024-05-18
940,119,Interview,2024-05-23
941,104,Applied,2024-03-28
941,104,Screening,2024-04-02
942,106,Applied,2024-02-12
942,106,Screening,2024-02-17
942,106,Interview,2024-02-19
943,107,Applied,2024-02-03
943,107,Screening,2024-02-06
943,107,Interview,2024-02-13
943,107,Offer,2024-02-15
944,116,Applied,2024-02-13
944,116,Screening,2024-02-15
944,116,Interview,2024-02-19
944,116,Offer,2024-02-26
944,116,Hired,2024-03-04
945,112,Applied,2024-06-12
945,112,Screening,2024-06-16
946,119,Applied,2024-01-13
947,101,Applied,2024-06-18
947,101,Screening,2024-06-20
948,100,Applied,2024-01-13
948,100,Screening,2024-01-20
948,100,Interview,2024-01-22
948,100,Offer,2024-01-27
948,100,Hired,2024-02-01
949,103,Applied,2024-05-20
949,103,Screening,2024-05-24
949,103,Interview,2024-05-29
949,103,Offer,2024-06-05
949,103,Hired,2024-06-08
950,120,Applied,2024-01-03
950,120,Screening,2024-01-07
950,120,Interview,2024-01-12
951,103,Applied,2024-06-18
951,103,Screening,2024-06-24
951,103,Interview,2024-06-28
951,103,Offer,2024-07-04
952,104,Applied,2024-04-17
952,104,Screening,2024-04-19
952,104,Interview,2024-04-25
952,104,Offer,2024-05-02
953,103,Applied,2024-03-13
953,103,Screening,2024-03-15
954,115,Applied,2024-02-20
954,115,Screening,2024-02-26
954,115,Interview,2024-02-29
954,115,Offer,2024-03-04
954,115,Hired,2024-03-10
955,111,Applied,2024-06-29
955,111,Screening,2024-07-04
955,111,Interview,2024-07-08
956,101,Applied,2024-05-20
956,101,Screening,2024-05-25
956,101,Interview,2024-05-28
957,115,Applied,2024-03-25
957,115,Screening,2024-03-28
957,115,Interview,2024-03-30
958,102,Applied,2024-01-29
959,115,Applied,2024-02-08
959,115,Screening,2024-02-10
960,102,Applied,2024-01-26
960,102,Screening,2024-01-30
960,102,Interview,2024-02-06
960,102,Offer,2024-02-09
961,109,Applied,2024-03-08
962,101,Applied,2024-01-26
962,101,Screening,2024-01-29
962,101,Interview,2024-01-31
962,101,Offer,2024-02-04
963,110,Applied,2024-04-19
963,110,Screening,2024-04-26
964,103,Applied,2024-01-12
964,103,Screening,2024-01-14
964,103,Interview,2024-01-17
965,120,Applied,2024-02-13
965,120,Screening,2024-02-17
966,114,Applied,2024-06-08
966,114,Screening,2024-06-12
966,114,Interview,2024-06-19
967,111,Applied,2024-03-28
967,111,Screening,2024-03-31
967,111,Interview,2024-04-02
967,111,Offer,2024-04-07
968,114,Applied,2024-03-10
968,114,Screening,2024-03-15
969,115,Applied,2024-04-17
969,115,Screening,2024-04-24
969,115,Interview,2024-04-27
970,104,Applied,2024-06-27
970,104,Screening,2024-07-04
970,104,Interview,2024-07-06
971,103,Applied,2024-04-16
971,103,Screening,2024-04-22
971,103,Interview,2024-04-27
971,103,Offer,2024-05-03
972,114,Applied,2024-02-16
972,114,Screening,2024-02-22
972,114,Interview,2024-02-27
972,114,Offer,2024-03-02
972,114,Hired,2024-03-08
973,104,Applied,2024-05-03
973,104,Screening,2024-05-08
973,104,Interview,2024-05-10
973,104,Offer,2024-05-15
974,101,Applied,2024-01-17
974,101,Screening,2024-01-21
975,110,Applied,2024-01-04
976,116,Applied,2024-05-27
976,116,Screening,2024-06-03
977,107,Applied,2024-06-20
977,107,Screening,2024-06-24
977,107,Interview,2024-06-30
978,119,Applied,2024-01-25
979,107,Applied,2024-05-03
979,107,Screening,2024-05-07
979,107,Interview,2024-05-14
980,120,Applied,2024-04-08
980,120,Screening,2024-04-11
980,120,Interview,2024-04-17
981,101,Applied,2024-01-03
981,101,Screening,2024-01-10
981,101,Interview,2024-01-13
982,115,Applied,2024-05-06
982,115,Screening,2024-05-09
982,115,Interview,2024-05-11
982,115,Offer,2024-05-16
983,107,Applied,2024-03-25
983,107,Screening,2024-03-29
984,116,Applied,2024-02-27
985,120,Applied,2024-04-06
985,120,Screening,2024-04-11
985,120,Interview,2024-04-14
985,120,Offer,2024-04-16
986,114,Applied,2024-05-26
986,114,Screening,2024-05-31
986,114,Interview,2024-06-02
987,114,Applied,2024-03-21
987,114,Screening,2024-03-23
987,114,Interview,2024-03-28
987,114,Offer,2024-04-04
988,100,Applied,2024-01-27
988,100,Screening,2024-02-01
988,100,Interview,2024-02-06
989,117,Applied,2024-05-20
989,117,Screening,2024-05-22
990,119,Applied,2024-06-07
990,119,Screening,2024-06-14
990,119,Interview,2024-06-18
990,119,Offer,2024-06-24
990,119,Hired,2024-06-30
991,120,Applied,2024-06-20
991,120,Screening,2024-06-25
991,120,Interview,2024-06-29
991,120,Offer,2024-07-03
992,107,Applied,2024-04-26
992,107,Screening,2024-04-30
992,107,Interview,2024-05-06
992,107,Offer,2024-05-12
993,115,Applied,2024-06-17
993,115,Screening,2024-06-21
994,114,Applied,2024-01-30
994,114,Screening,2024-02-01
994,114,Interview,2024-02-08
995,100,Applied,2024-03-28
995,100,Screening,2024-04-01
995,100,Interview,2024-04-08
996,117,Applied,2024-05-13
997,103,Applied,2024-01-12
997,103,Screening,2024-01-15
997,103,Interview,2024-01-20
997,103,Offer,2024-01-23
997,103,Hired,2024-01-30
998,113,Applied,2024-01-28
998,113,Screening,2024-02-01
999,106,Applied,2024-02-18
999,106,Screening,2024-02-20
999,106,Interview,2024-02-25
999,106,Offer,2024-02-28
999,106,Hired,2024-03-04
1000,110,Applied,2024-01-28
1000,110,Screening,2024-02-02
1000,110,Interview,2024-02-04
